xacro: in-order processing became default in ROS Melodic. You can drop the option.
[INFO] [1783154430.923007, 0.000000]: Loading model XML from ros parameter robot_description
[INFO] [1783154430.930336, 0.000000]: Waiting for service /gazebo/spawn_urdf_model
[INFO] [1783154435.592387, 0.114000]: Calling service /gazebo/spawn_urdf_model
[INFO] [1783154435.863323, 0.200000]: Spawn status: SpawnModel: Successfully spawned entity
[INFO] [1783154435.865071, 0.200000]: Waiting for service /gazebo/set_model_configuration
[INFO] [1783154435.869280, 0.200000]: temporary hack to **fix** the -J joint position option (issue #93), sleeping for 1 second to avoid race condition.
[INFO] [1783154436.871222, 0.200000]: Calling service /gazebo/set_model_configuration
[INFO] [1783154436.876580, 0.200000]: Set model configuration status: SetModelConfiguration: success
[0m[INFO] [1783154431.229705146]: Finished loading Gazebo ROS API Plugin.[0m
[0m[INFO] [1783154431.230853254]: waitForService: Service [/gazebo/set_physics_properties] has not been advertised, waiting...[0m
[0m[INFO] [1783154435.449614650]: waitForService: Service [/gazebo/set_physics_properties] is now available.[0m
[0m[INFO] [1783154435.470495650]: Physics dynamic reconfigure ready.[0m
[0m[INFO] [1783154435.853488950, 0.200000000]: <initialOrientationAsReference> is unset, using default value of false to comply with REP 145 (world as orientation reference)[0m
[0m[INFO] [1783154435.853613650, 0.200000000]: <robotNamespace> set to: //[0m
[0m[INFO] [1783154435.853631550, 0.200000000]: <topicName> set to: trunk_imu[0m
[0m[INFO] [1783154435.853641150, 0.200000000]: <frameName> set to: imu_link[0m
[0m[INFO] [1783154435.853669750, 0.200000000]: <updateRateHZ> set to: 1000[0m
[0m[INFO] [1783154435.853679850, 0.200000000]: <gaussianNoise> set to: 0[0m
[0m[INFO] [1783154435.853702950, 0.200000000]: <xyzOffset> set to: 0 0 0[0m
[0m[INFO] [1783154435.853731850, 0.200000000]: <rpyOffset> set to: 0 -0 0[0m
[0m[INFO] [1783154437.353972844, 0.200000000]: Loading gazebo_ros_control plugin[0m
[0m[INFO] [1783154437.354095094, 0.200000000]: Starting gazebo_ros_control plugin in namespace: /a1_gazebo[0m
[0m[INFO] [1783154437.354733419, 0.200000000]: gazebo_ros_control plugin is waiting for model URDF in parameter [/robot_description] on the ROS param server.[0m
[0m[INFO] [1783154437.482558343, 0.200000000]: Loaded gazebo_ros_control.[0m
[0m[INFO] [1783154496.993666985, 57.928000000]: Updating LinkState: reference_frame is empty/world/map, using inertial frame[0m
[0m[INFO] [1783154496.997260398, 57.934000000]: Updating LinkState: reference_frame is empty/world/map, using inertial frame[0m
[0m[INFO] [1783154529.238412314, 88.978000000]: Updating LinkState: reference_frame is empty/world/map, using inertial frame[0m
[0m[INFO] [1783154529.244068488, 88.986000000]: Updating LinkState: reference_frame is empty/world/map, using inertial frame[0m
[0m[INFO] [1783154551.084956606, 109.982000000]: Updating LinkState: reference_frame is empty/world/map, using inertial frame[0m
[0m[INFO] [1783154551.088585744, 109.986000000]: Updating LinkState: reference_frame is empty/world/map, using inertial frame[0m
[0m[INFO] [1783154557.041338989, 115.844000000]: Updating LinkState: reference_frame is empty/world/map, using inertial frame[0m
[0m[INFO] [1783154557.046861574, 115.848000000]: Updating LinkState: reference_frame is empty/world/map, using inertial frame[0m
[0m[INFO] [1783154557.140828543, 115.944000000]: Updating LinkState: reference_frame is empty/world/map, using inertial frame[0m
[0m[INFO] [1783154557.143399504, 115.946000000]: Updating LinkState: reference_frame is empty/world/map, using inertial frame[0m
[0m[INFO] [1783154557.240489474, 116.042000000]: Updating LinkState: reference_frame is empty/world/map, using inertial frame[0m
[0m[INFO] [1783154557.243478316, 116.046000000]: Updating LinkState: reference_frame is empty/world/map, using inertial frame[0m
[0m[INFO] [1783154557.341107593, 116.144000000]: Updating LinkState: reference_frame is empty/world/map, using inertial frame[0m
[0m[INFO] [1783154557.347221411, 116.150000000]: Updating LinkState: reference_frame is empty/world/map, using inertial frame[0m
[0m[INFO] [1783154557.439998608, 116.242000000]: Updating LinkState: reference_frame is empty/world/map, using inertial frame[0m
[0m[INFO] [1783154557.443811662, 116.246000000]: Updating LinkState: reference_frame is empty/world/map, using inertial frame[0m
[0m[INFO] [1783154557.540554014, 116.342000000]: Updating LinkState: reference_frame is empty/world/map, using inertial frame[0m
[0m[INFO] [1783154557.544993601, 116.348000000]: Updating LinkState: reference_frame is empty/world/map, using inertial frame[0m
[0m[INFO] [1783154557.642744888, 116.444000000]: Updating LinkState: reference_frame is empty/world/map, using inertial frame[0m
[0m[INFO] [1783154557.649397157, 116.450000000]: Updating LinkState: reference_frame is empty/world/map, using inertial frame[0m
[0m[INFO] [1783154557.740667423, 116.542000000]: Updating LinkState: reference_frame is empty/world/map, using inertial frame[0m
[0m[INFO] [1783154557.743588698, 116.544000000]: Updating LinkState: reference_frame is empty/world/map, using inertial frame[0m
[0m[INFO] [1783154557.837235388, 116.638000000]: Updating LinkState: reference_frame is empty/world/map, using inertial frame[0m
[0m[INFO] [1783154557.839515818, 116.640000000]: Updating LinkState: reference_frame is empty/world/map, using inertial frame[0m
[0m[INFO] [1783154557.943013069, 116.742000000]: Updating LinkState: reference_frame is empty/world/map, using inertial frame[0m
[0m[INFO] [1783154557.948270869, 116.746000000]: Updating LinkState: reference_frame is empty/world/map, using inertial frame[0m
[0m[INFO] [1783154558.039496891, 116.838000000]: Updating LinkState: reference_frame is empty/world/map, using inertial frame[0m
[0m[INFO] [1783154558.042979508, 116.840000000]: Updating LinkState: reference_frame is empty/world/map, using inertial frame[0m
[0m[INFO] [1783154558.140082941, 116.938000000]: Updating LinkState: reference_frame is empty/world/map, using inertial frame[0m
[0m[INFO] [1783154558.145867419, 116.944000000]: Updating LinkState: reference_frame is empty/world/map, using inertial frame[0m
[0m[INFO] [1783154558.239150975, 117.036000000]: Updating LinkState: reference_frame is empty/world/map, using inertial frame[0m
[0m[INFO] [1783154558.243399859, 117.042000000]: Updating LinkState: reference_frame is empty/world/map, using inertial frame[0m
[0m[INFO] [1783154558.341602472, 117.140000000]: Updating LinkState: reference_frame is empty/world/map, using inertial frame[0m
[0m[INFO] [1783154558.344864858, 117.142000000]: Updating LinkState: reference_frame is empty/world/map, using inertial frame[0m
[0m[INFO] [1783154558.441516570, 117.240000000]: Updating LinkState: reference_frame is empty/world/map, using inertial frame[0m
[0m[INFO] [1783154558.446555521, 117.244000000]: Updating LinkState: reference_frame is empty/world/map, using inertial frame[0m
[0m[INFO] [1783154558.539587637, 117.338000000]: Updating LinkState: reference_frame is empty/world/map, using inertial frame[0m
[0m[INFO] [1783154558.543787833, 117.342000000]: Updating LinkState: reference_frame is empty/world/map, using inertial frame[0m
[0m[INFO] [1783154558.641151000, 117.438000000]: Updating LinkState: reference_frame is empty/world/map, using inertial frame[0m
[0m[INFO] [1783154558.645095906, 117.442000000]: Updating LinkState: reference_frame is empty/world/map, using inertial frame[0m
[0m[INFO] [1783154558.740607649, 117.538000000]: Updating LinkState: reference_frame is empty/world/map, using inertial frame[0m
[0m[INFO] [1783154558.753700547, 117.548000000]: Updating LinkState: reference_frame is empty/world/map, using inertial frame[0m
[0m[INFO] [1783154558.851804106, 117.640000000]: Updating LinkState: reference_frame is empty/world/map, using inertial frame[0m
[0m[INFO] [1783154558.854375776, 117.642000000]: Updating LinkState: reference_frame is empty/world/map, using inertial frame[0m
[0m[INFO] [1783154558.939526377, 117.726000000]: Updating LinkState: reference_frame is empty/world/map, using inertial frame[0m
[0m[INFO] [1783154558.943757682, 117.730000000]: Updating LinkState: reference_frame is empty/world/map, using inertial frame[0m
[0m[INFO] [1783154559.040594269, 117.826000000]: Updating LinkState: reference_frame is empty/world/map, using inertial frame[0m
[0m[INFO] [1783154559.043269931, 117.828000000]: Updating LinkState: reference_frame is empty/world/map, using inertial frame[0m
[0m[INFO] [1783154559.142829782, 117.924000000]: Updating LinkState: reference_frame is empty/world/map, using inertial frame[0m
[0m[INFO] [1783154559.147778764, 117.930000000]: Updating LinkState: reference_frame is empty/world/map, using inertial frame[0m
[0m[INFO] [1783154559.242307861, 118.020000000]: Updating LinkState: reference_frame is empty/world/map, using inertial frame[0m
[0m[INFO] [1783154559.250120739, 118.028000000]: Updating LinkState: reference_frame is empty/world/map, using inertial frame[0m
[0m[INFO] [1783154559.339718827, 118.118000000]: Updating LinkState: reference_frame is empty/world/map, using inertial frame[0m
[0m[INFO] [1783154559.343373383, 118.122000000]: Updating LinkState: reference_frame is empty/world/map, using inertial frame[0m
[0m[INFO] [1783154559.444434954, 118.222000000]: Updating LinkState: reference_frame is empty/world/map, using inertial frame[0m
[0m[INFO] [1783154559.449405268, 118.228000000]: Updating LinkState: reference_frame is empty/world/map, using inertial frame[0m
[0m[INFO] [1783154559.541896880, 118.320000000]: Updating LinkState: reference_frame is empty/world/map, using inertial frame[0m
[0m[INFO] [1783154559.545503044, 118.324000000]: Updating LinkState: reference_frame is empty/world/map, using inertial frame[0m
[0m[INFO] [1783154559.642648745, 118.422000000]: Updating LinkState: reference_frame is empty/world/map, using inertial frame[0m
[0m[INFO] [1783154559.647608985, 118.426000000]: Updating LinkState: reference_frame is empty/world/map, using inertial frame[0m
[0m[INFO] [1783154559.742139366, 118.520000000]: Updating LinkState: reference_frame is empty/world/map, using inertial frame[0m
[0m[INFO] [1783154559.745634229, 118.524000000]: Updating LinkState: reference_frame is empty/world/map, using inertial frame[0m
[0m[INFO] [1783154559.839674175, 118.618000000]: Updating LinkState: reference_frame is empty/world/map, using inertial frame[0m
[0m[INFO] [1783154559.844077023, 118.622000000]: Updating LinkState: reference_frame is empty/world/map, using inertial frame[0m
[0m[INFO] [1783154559.940170552, 118.718000000]: Updating LinkState: reference_frame is empty/world/map, using inertial frame[0m
[0m[INFO] [1783154559.944627520, 118.722000000]: Updating LinkState: reference_frame is empty/world/map, using inertial frame[0m
[0m[INFO] [1783154560.038801185, 118.816000000]: Updating LinkState: reference_frame is empty/world/map, using inertial frame[0m
[0m[INFO] [1783154560.043856629, 118.822000000]: Updating LinkState: reference_frame is empty/world/map, using inertial frame[0m
[0m[INFO] [1783154560.138613660, 118.916000000]: Updating LinkState: reference_frame is empty/world/map, using inertial frame[0m
[0m[INFO] [1783154560.141786966, 118.920000000]: Updating LinkState: reference_frame is empty/world/map, using inertial frame[0m
[0m[INFO] [1783154560.242453602, 119.020000000]: Updating LinkState: reference_frame is empty/world/map, using inertial frame[0m
[0m[INFO] [1783154560.248992003, 119.024000000]: Updating LinkState: reference_frame is empty/world/map, using inertial frame[0m
[0m[INFO] [1783154560.342193984, 119.116000000]: Updating LinkState: reference_frame is empty/world/map, using inertial frame[0m
[0m[INFO] [1783154560.347599427, 119.122000000]: Updating LinkState: reference_frame is empty/world/map, using inertial frame[0m
[0m[INFO] [1783154560.449614808, 119.220000000]: Updating LinkState: reference_frame is empty/world/map, using inertial frame[0m
[0m[INFO] [1783154560.454356595, 119.226000000]: Updating LinkState: reference_frame is empty/world/map, using inertial frame[0m
[0m[INFO] [1783154560.539336048, 119.310000000]: Updating LinkState: reference_frame is empty/world/map, using inertial frame[0m
[0m[INFO] [1783154560.541953047, 119.312000000]: Updating LinkState: reference_frame is empty/world/map, using inertial frame[0m
[0m[INFO] [1783154560.639516497, 119.410000000]: Updating LinkState: reference_frame is empty/world/map, using inertial frame[0m
[0m[INFO] [1783154560.645412276, 119.416000000]: Updating LinkState: reference_frame is empty/world/map, using inertial frame[0m
[0m[INFO] [1783154560.739773780, 119.510000000]: Updating LinkState: reference_frame is empty/world/map, using inertial frame[0m
[0m[INFO] [1783154560.743866625, 119.514000000]: Updating LinkState: reference_frame is empty/world/map, using inertial frame[0m
[0m[INFO] [1783154560.838570030, 119.608000000]: Updating LinkState: reference_frame is empty/world/map, using inertial frame[0m
[0m[INFO] [1783154560.843164865, 119.614000000]: Updating LinkState: reference_frame is empty/world/map, using inertial frame[0m
[0m[INFO] [1783154560.942640870, 119.712000000]: Updating LinkState: reference_frame is empty/world/map, using inertial frame[0m
[0m[INFO] [1783154560.945355838, 119.714000000]: Updating LinkState: reference_frame is empty/world/map, using inertial frame[0m
[0m[INFO] [1783154561.041376680, 119.810000000]: Updating LinkState: reference_frame is empty/world/map, using inertial frame[0m
[0m[INFO] [1783154561.047197107, 119.816000000]: Updating LinkState: reference_frame is empty/world/map, using inertial frame[0m
[0m[INFO] [1783154561.140332130, 119.910000000]: Updating LinkState: reference_frame is empty/world/map, using inertial frame[0m
[0m[INFO] [1783154561.142804843, 119.912000000]: Updating LinkState: reference_frame is empty/world/map, using inertial frame[0m
[0m[INFO] [1783154561.239812480, 120.008000000]: Updating LinkState: reference_frame is empty/world/map, using inertial frame[0m
[0m[INFO] [1783154561.242804465, 120.012000000]: Updating LinkState: reference_frame is empty/world/map, using inertial frame[0m
[0m[INFO] [1783154561.340332263, 120.108000000]: Updating LinkState: reference_frame is empty/world/map, using inertial frame[0m
[0m[INFO] [1783154561.343625757, 120.112000000]: Updating LinkState: reference_frame is empty/world/map, using inertial frame[0m
[0m[INFO] [1783154561.439887373, 120.208000000]: Updating LinkState: reference_frame is empty/world/map, using inertial frame[0m
[0m[INFO] [1783154561.443381545, 120.212000000]: Updating LinkState: reference_frame is empty/world/map, using inertial frame[0m
[0m[INFO] [1783154561.543222660, 120.310000000]: Updating LinkState: reference_frame is empty/world/map, using inertial frame[0m
[0m[INFO] [1783154561.548026171, 120.314000000]: Updating LinkState: reference_frame is empty/world/map, using inertial frame[0m
[0m[INFO] [1783154561.639480918, 120.404000000]: Updating LinkState: reference_frame is empty/world/map, using inertial frame[0m
[0m[INFO] [1783154561.642878800, 120.408000000]: Updating LinkState: reference_frame is empty/world/map, using inertial frame[0m
[0m[INFO] [1783154561.740856739, 120.506000000]: Updating LinkState: reference_frame is empty/world/map, using inertial frame[0m
[0m[INFO] [1783154561.744872355, 120.510000000]: Updating LinkState: reference_frame is empty/world/map, using inertial frame[0m
[0m[INFO] [1783154561.840260847, 120.604000000]: Updating LinkState: reference_frame is empty/world/map, using inertial frame[0m
[0m[INFO] [1783154561.844195284, 120.608000000]: Updating LinkState: reference_frame is empty/world/map, using inertial frame[0m
[0m[INFO] [1783154561.936405138, 120.700000000]: Updating LinkState: reference_frame is empty/world/map, using inertial frame[0m
[0m[INFO] [1783154561.940015154, 120.704000000]: Updating LinkState: reference_frame is empty/world/map, using inertial frame[0m
[0m[INFO] [1783154562.038426247, 120.802000000]: Updating LinkState: reference_frame is empty/world/map, using inertial frame[0m
[0m[INFO] [1783154562.043341058, 120.808000000]: Updating LinkState: reference_frame is empty/world/map, using inertial frame[0m
[0m[INFO] [1783154562.140500092, 120.904000000]: Updating LinkState: reference_frame is empty/world/map, using inertial frame[0m
[0m[INFO] [1783154562.144416061, 120.908000000]: Updating LinkState: reference_frame is empty/world/map, using inertial frame[0m
[0m[INFO] [1783154562.240584152, 121.002000000]: Updating LinkState: reference_frame is empty/world/map, using inertial frame[0m
[0m[INFO] [1783154562.244577548, 121.008000000]: Updating LinkState: reference_frame is empty/world/map, using inertial frame[0m
[0m[INFO] [1783154562.340483041, 121.104000000]: Updating LinkState: reference_frame is empty/world/map, using inertial frame[0m
[0m[INFO] [1783154562.342904203, 121.106000000]: Updating LinkState: reference_frame is empty/world/map, using inertial frame[0m
[0m[INFO] [1783154562.443549211, 121.202000000]: Updating LinkState: reference_frame is empty/world/map, using inertial frame[0m
[0m[INFO] [1783154562.448452271, 121.208000000]: Updating LinkState: reference_frame is empty/world/map, using inertial frame[0m
[0m[INFO] [1783154562.541395011, 121.300000000]: Updating LinkState: reference_frame is empty/world/map, using inertial frame[0m
[0m[INFO] [1783154562.543860515, 121.302000000]: Updating LinkState: reference_frame is empty/world/map, using inertial frame[0m
[0m[INFO] [1783154562.638132049, 121.396000000]: Updating LinkState: reference_frame is empty/world/map, using inertial frame[0m
[0m[INFO] [1783154562.641515513, 121.400000000]: Updating LinkState: reference_frame is empty/world/map, using inertial frame[0m
[0m[INFO] [1783154562.739358054, 121.498000000]: Updating LinkState: reference_frame is empty/world/map, using inertial frame[0m
[0m[INFO] [1783154562.743419593, 121.502000000]: Updating LinkState: reference_frame is empty/world/map, using inertial frame[0m
[0m[INFO] [1783154562.840446389, 121.598000000]: Updating LinkState: reference_frame is empty/world/map, using inertial frame[0m
[0m[INFO] [1783154562.844195654, 121.602000000]: Updating LinkState: reference_frame is empty/world/map, using inertial frame[0m
[0m[INFO] [1783154562.941313801, 121.696000000]: Updating LinkState: reference_frame is empty/world/map, using inertial frame[0m
[0m[INFO] [1783154562.944054743, 121.700000000]: Updating LinkState: reference_frame is empty/world/map, using inertial frame[0m
[0m[INFO] [1783154563.040136322, 121.796000000]: Updating LinkState: reference_frame is empty/world/map, using inertial frame[0m
[0m[INFO] [1783154563.043986518, 121.798000000]: Updating LinkState: reference_frame is empty/world/map, using inertial frame[0m
[0m[INFO] [1783154563.141965937, 121.892000000]: Updating LinkState: reference_frame is empty/world/map, using inertial frame[0m
[0m[INFO] [1783154563.146015823, 121.896000000]: Updating LinkState: reference_frame is empty/world/map, using inertial frame[0m
[0m[INFO] [1783154563.238378160, 121.988000000]: Updating LinkState: reference_frame is empty/world/map, using inertial frame[0m
[0m[INFO] [1783154563.242475054, 121.992000000]: Updating LinkState: reference_frame is empty/world/map, using inertial frame[0m
[0m[INFO] [1783154563.339680405, 122.090000000]: Updating LinkState: reference_frame is empty/world/map, using inertial frame[0m
[0m[INFO] [1783154563.349353991, 122.098000000]: Updating LinkState: reference_frame is empty/world/map, using inertial frame[0m
[0m[INFO] [1783154563.808992416, 122.196000000]: Updating LinkState: reference_frame is empty/world/map, using inertial frame[0m
[0m[INFO] [1783154563.816376386, 122.226000000]: Updating LinkState: reference_frame is empty/world/map, using inertial frame[0m
[0m[INFO] [1783154563.888787052, 122.380000000]: Updating LinkState: reference_frame is empty/world/map, using inertial frame[0m
[0m[INFO] [1783154563.893633622, 122.386000000]: Updating LinkState: reference_frame is empty/world/map, using inertial frame[0m
[0m[INFO] [1783154564.028286292, 122.558000000]: Updating LinkState: reference_frame is empty/world/map, using inertial frame[0m
[0m[INFO] [1783154564.035714308, 122.572000000]: Updating LinkState: reference_frame is empty/world/map, using inertial frame[0m
[0m[INFO] [1783154564.161213257, 122.704000000]: Updating LinkState: reference_frame is empty/world/map, using inertial frame[0m
[0m[INFO] [1783154564.165819943, 122.706000000]: Updating LinkState: reference_frame is empty/world/map, using inertial frame[0m
[0m[INFO] [1783154564.262572980, 122.810000000]: Updating LinkState: reference_frame is empty/world/map, using inertial frame[0m
[0m[INFO] [1783154564.266947188, 122.816000000]: Updating LinkState: reference_frame is empty/world/map, using inertial frame[0m
[0m[INFO] [1783154564.367169906, 122.916000000]: Updating LinkState: reference_frame is empty/world/map, using inertial frame[0m
[0m[INFO] [1783154564.373275053, 122.920000000]: Updating LinkState: reference_frame is empty/world/map, using inertial frame[0m
[0m[INFO] [1783154564.467934116, 123.018000000]: Updating LinkState: reference_frame is empty/world/map, using inertial frame[0m
[0m[INFO] [1783154564.472089179, 123.022000000]: Updating LinkState: reference_frame is empty/world/map, using inertial frame[0m
[0m[INFO] [1783154564.566705578, 123.116000000]: Updating LinkState: reference_frame is empty/world/map, using inertial frame[0m
[0m[INFO] [1783154564.570016652, 123.120000000]: Updating LinkState: reference_frame is empty/world/map, using inertial frame[0m
[0m[INFO] [1783154564.666247257, 123.218000000]: Updating LinkState: reference_frame is empty/world/map, using inertial frame[0m
[0m[INFO] [1783154564.670767529, 123.222000000]: Updating LinkState: reference_frame is empty/world/map, using inertial frame[0m
[0m[INFO] [1783154564.768217900, 123.318000000]: Updating LinkState: reference_frame is empty/world/map, using inertial frame[0m
[0m[INFO] [1783154564.771798091, 123.322000000]: Updating LinkState: reference_frame is empty/world/map, using inertial frame[0m
[0m[INFO] [1783154564.865948350, 123.416000000]: Updating LinkState: reference_frame is empty/world/map, using inertial frame[0m
[0m[INFO] [1783154564.869163332, 123.420000000]: Updating LinkState: reference_frame is empty/world/map, using inertial frame[0m
[0m[INFO] [1783154564.970162686, 123.520000000]: Updating LinkState: reference_frame is empty/world/map, using inertial frame[0m
[0m[INFO] [1783154564.974201313, 123.524000000]: Updating LinkState: reference_frame is empty/world/map, using inertial frame[0m
[0m[INFO] [1783154565.067392529, 123.616000000]: Updating LinkState: reference_frame is empty/world/map, using inertial frame[0m
[0m[INFO] [1783154565.072301613, 123.620000000]: Updating LinkState: reference_frame is empty/world/map, using inertial frame[0m
[0m[INFO] [1783154565.167522710, 123.716000000]: Updating LinkState: reference_frame is empty/world/map, using inertial frame[0m
[0m[INFO] [1783154565.171513636, 123.720000000]: Updating LinkState: reference_frame is empty/world/map, using inertial frame[0m
[0m[INFO] [1783154565.266138627, 123.814000000]: Updating LinkState: reference_frame is empty/world/map, using inertial frame[0m
[0m[INFO] [1783154565.272099093, 123.820000000]: Updating LinkState: reference_frame is empty/world/map, using inertial frame[0m
[0m[INFO] [1783154565.365795360, 123.914000000]: Updating LinkState: reference_frame is empty/world/map, using inertial frame[0m
[0m[INFO] [1783154565.370310793, 123.918000000]: Updating LinkState: reference_frame is empty/world/map, using inertial frame[0m
[0m[INFO] [1783154565.467973396, 124.014000000]: Updating LinkState: reference_frame is empty/world/map, using inertial frame[0m
[0m[INFO] [1783154565.472605759, 124.016000000]: Updating LinkState: reference_frame is empty/world/map, using inertial frame[0m
[0m[INFO] [1783154565.570684924, 124.112000000]: Updating LinkState: reference_frame is empty/world/map, using inertial frame[0m
[0m[INFO] [1783154565.573050485, 124.114000000]: Updating LinkState: reference_frame is empty/world/map, using inertial frame[0m
[0m[INFO] [1783154565.667331007, 124.208000000]: Updating LinkState: reference_frame is empty/world/map, using inertial frame[0m
[0m[INFO] [1783154565.669831570, 124.212000000]: Updating LinkState: reference_frame is empty/world/map, using inertial frame[0m
[0m[INFO] [1783154565.767162739, 124.308000000]: Updating LinkState: reference_frame is empty/world/map, using inertial frame[0m
[0m[INFO] [1783154565.769883830, 124.312000000]: Updating LinkState: reference_frame is empty/world/map, using inertial frame[0m
[0m[INFO] [1783154565.867346151, 124.408000000]: Updating LinkState: reference_frame is empty/world/map, using inertial frame[0m
[0m[INFO] [1783154565.870405489, 124.412000000]: Updating LinkState: reference_frame is empty/world/map, using inertial frame[0m
[0m[INFO] [1783154565.967135220, 124.508000000]: Updating LinkState: reference_frame is empty/world/map, using inertial frame[0m
[0m[INFO] [1783154565.969772663, 124.510000000]: Updating LinkState: reference_frame is empty/world/map, using inertial frame[0m
[0m[INFO] [1783154566.068220565, 124.608000000]: Updating LinkState: reference_frame is empty/world/map, using inertial frame[0m
[0m[INFO] [1783154566.072420459, 124.612000000]: Updating LinkState: reference_frame is empty/world/map, using inertial frame[0m
[0m[INFO] [1783154566.170096789, 124.706000000]: Updating LinkState: reference_frame is empty/world/map, using inertial frame[0m
[0m[INFO] [1783154566.179072343, 124.716000000]: Updating LinkState: reference_frame is empty/world/map, using inertial frame[0m
[0m[INFO] [1783154566.268057496, 124.802000000]: Updating LinkState: reference_frame is empty/world/map, using inertial frame[0m
[0m[INFO] [1783154566.272815579, 124.808000000]: Updating LinkState: reference_frame is empty/world/map, using inertial frame[0m
[0m[INFO] [1783154566.368600110, 124.904000000]: Updating LinkState: reference_frame is empty/world/map, using inertial frame[0m
[0m[INFO] [1783154566.372517306, 124.908000000]: Updating LinkState: reference_frame is empty/world/map, using inertial frame[0m
[0m[INFO] [1783154566.468073941, 125.002000000]: Updating LinkState: reference_frame is empty/world/map, using inertial frame[0m
[0m[INFO] [1783154566.472453941, 125.008000000]: Updating LinkState: reference_frame is empty/world/map, using inertial frame[0m
[0m[INFO] [1783154566.570146366, 125.104000000]: Updating LinkState: reference_frame is empty/world/map, using inertial frame[0m
[0m[INFO] [1783154566.573299298, 125.106000000]: Updating LinkState: reference_frame is empty/world/map, using inertial frame[0m
[0m[INFO] [1783154566.667985028, 125.202000000]: Updating LinkState: reference_frame is empty/world/map, using inertial frame[0m
[0m[INFO] [1783154566.671862431, 125.206000000]: Updating LinkState: reference_frame is empty/world/map, using inertial frame[0m
[0m[INFO] [1783154566.768117566, 125.302000000]: Updating LinkState: reference_frame is empty/world/map, using inertial frame[0m
[0m[INFO] [1783154566.770756546, 125.304000000]: Updating LinkState: reference_frame is empty/world/map, using inertial frame[0m
[0m[INFO] [1783154566.868512759, 125.400000000]: Updating LinkState: reference_frame is empty/world/map, using inertial frame[0m
[0m[INFO] [1783154566.873160843, 125.404000000]: Updating LinkState: reference_frame is empty/world/map, using inertial frame[0m
[0m[INFO] [1783154566.968033689, 125.500000000]: Updating LinkState: reference_frame is empty/world/map, using inertial frame[0m
[0m[INFO] [1783154566.972388905, 125.502000000]: Updating LinkState: reference_frame is empty/world/map, using inertial frame[0m
[0m[INFO] [1783154567.068360058, 125.598000000]: Updating LinkState: reference_frame is empty/world/map, using inertial frame[0m
[0m[INFO] [1783154567.073052577, 125.602000000]: Updating LinkState: reference_frame is empty/world/map, using inertial frame[0m
[0m[INFO] [1783154567.166526248, 125.696000000]: Updating LinkState: reference_frame is empty/world/map, using inertial frame[0m
[0m[INFO] [1783154567.169038147, 125.698000000]: Updating LinkState: reference_frame is empty/world/map, using inertial frame[0m
[0m[INFO] [1783154567.267522680, 125.796000000]: Updating LinkState: reference_frame is empty/world/map, using inertial frame[0m
[0m[INFO] [1783154567.272081700, 125.800000000]: Updating LinkState: reference_frame is empty/world/map, using inertial frame[0m
[0m[INFO] [1783154567.367023665, 125.896000000]: Updating LinkState: reference_frame is empty/world/map, using inertial frame[0m
[0m[INFO] [1783154567.371908829, 125.900000000]: Updating LinkState: reference_frame is empty/world/map, using inertial frame[0m
[0m[INFO] [1783154567.466465108, 125.994000000]: Updating LinkState: reference_frame is empty/world/map, using inertial frame[0m
[0m[INFO] [1783154567.471294779, 126.000000000]: Updating LinkState: reference_frame is empty/world/map, using inertial frame[0m
[0m[INFO] [1783154567.565712127, 126.094000000]: Updating LinkState: reference_frame is empty/world/map, using inertial frame[0m
[0m[INFO] [1783154567.569526829, 126.098000000]: Updating LinkState: reference_frame is empty/world/map, using inertial frame[0m
[0m[INFO] [1783154567.666929841, 126.196000000]: Updating LinkState: reference_frame is empty/world/map, using inertial frame[0m
[0m[INFO] [1783154567.671518582, 126.200000000]: Updating LinkState: reference_frame is empty/world/map, using inertial frame[0m
[0m[INFO] [1783154567.766199177, 126.294000000]: Updating LinkState: reference_frame is empty/world/map, using inertial frame[0m
[0m[INFO] [1783154567.773018007, 126.300000000]: Updating LinkState: reference_frame is empty/world/map, using inertial frame[0m
[0m[INFO] [1783154567.873293820, 126.398000000]: Updating LinkState: reference_frame is empty/world/map, using inertial frame[0m
[0m[INFO] [1783154567.875992144, 126.400000000]: Updating LinkState: reference_frame is empty/world/map, using inertial frame[0m
[0m[INFO] [1783154567.968462694, 126.492000000]: Updating LinkState: reference_frame is empty/world/map, using inertial frame[0m
[0m[INFO] [1783154567.973360695, 126.498000000]: Updating LinkState: reference_frame is empty/world/map, using inertial frame[0m
[0m[INFO] [1783154568.071406320, 126.596000000]: Updating LinkState: reference_frame is empty/world/map, using inertial frame[0m
[0m[INFO] [1783154568.074444416, 126.598000000]: Updating LinkState: reference_frame is empty/world/map, using inertial frame[0m
[0m[INFO] [1783154568.167330374, 126.692000000]: Updating LinkState: reference_frame is empty/world/map, using inertial frame[0m
[0m[INFO] [1783154568.171347793, 126.696000000]: Updating LinkState: reference_frame is empty/world/map, using inertial frame[0m
[0m[INFO] [1783154568.268995488, 126.792000000]: Updating LinkState: reference_frame is empty/world/map, using inertial frame[0m
[0m[INFO] [1783154568.273617208, 126.796000000]: Updating LinkState: reference_frame is empty/world/map, using inertial frame[0m
[0m[INFO] [1783154568.366539306, 126.890000000]: Updating LinkState: reference_frame is empty/world/map, using inertial frame[0m
[0m[INFO] [1783154568.370017001, 126.892000000]: Updating LinkState: reference_frame is empty/world/map, using inertial frame[0m
[0m[INFO] [1783154568.465683338, 126.988000000]: Updating LinkState: reference_frame is empty/world/map, using inertial frame[0m
[0m[INFO] [1783154568.469451927, 126.992000000]: Updating LinkState: reference_frame is empty/world/map, using inertial frame[0m
[0m[INFO] [1783154568.565291655, 127.088000000]: Updating LinkState: reference_frame is empty/world/map, using inertial frame[0m
[0m[INFO] [1783154568.567348353, 127.090000000]: Updating LinkState: reference_frame is empty/world/map, using inertial frame[0m
[0m[INFO] [1783154568.669707327, 127.192000000]: Updating LinkState: reference_frame is empty/world/map, using inertial frame[0m
[0m[INFO] [1783154568.672669688, 127.194000000]: Updating LinkState: reference_frame is empty/world/map, using inertial frame[0m
[0m[INFO] [1783154568.766586019, 127.288000000]: Updating LinkState: reference_frame is empty/world/map, using inertial frame[0m
[0m[INFO] [1783154568.773760913, 127.296000000]: Updating LinkState: reference_frame is empty/world/map, using inertial frame[0m
[0m[INFO] [1783154568.866425393, 127.388000000]: Updating LinkState: reference_frame is empty/world/map, using inertial frame[0m
[0m[INFO] [1783154568.871413742, 127.392000000]: Updating LinkState: reference_frame is empty/world/map, using inertial frame[0m
[0m[INFO] [1783154568.965404328, 127.486000000]: Updating LinkState: reference_frame is empty/world/map, using inertial frame[0m
[0m[INFO] [1783154568.970285345, 127.492000000]: Updating LinkState: reference_frame is empty/world/map, using inertial frame[0m
[0m[INFO] [1783154569.067490774, 127.588000000]: Updating LinkState: reference_frame is empty/world/map, using inertial frame[0m
[0m[INFO] [1783154569.075631563, 127.596000000]: Updating LinkState: reference_frame is empty/world/map, using inertial frame[0m
[0m[INFO] [1783154569.170982715, 127.690000000]: Updating LinkState: reference_frame is empty/world/map, using inertial frame[0m
[0m[INFO] [1783154569.173759144, 127.692000000]: Updating LinkState: reference_frame is empty/world/map, using inertial frame[0m
[0m[INFO] [1783154569.270671013, 127.786000000]: Updating LinkState: reference_frame is empty/world/map, using inertial frame[0m
[0m[INFO] [1783154569.273900075, 127.790000000]: Updating LinkState: reference_frame is empty/world/map, using inertial frame[0m
[0m[INFO] [1783154569.368839868, 127.884000000]: Updating LinkState: reference_frame is empty/world/map, using inertial frame[0m
[0m[INFO] [1783154569.375896963, 127.890000000]: Updating LinkState: reference_frame is empty/world/map, using inertial frame[0m
[0m[INFO] [1783154569.470202338, 127.982000000]: Updating LinkState: reference_frame is empty/world/map, using inertial frame[0m
[0m[INFO] [1783154569.475394392, 127.988000000]: Updating LinkState: reference_frame is empty/world/map, using inertial frame[0m
[0m[INFO] [1783154569.567497425, 128.080000000]: Updating LinkState: reference_frame is empty/world/map, using inertial frame[0m
[0m[INFO] [1783154569.570511921, 128.082000000]: Updating LinkState: reference_frame is empty/world/map, using inertial frame[0m
[0m[INFO] [1783154569.666919712, 128.180000000]: Updating LinkState: reference_frame is empty/world/map, using inertial frame[0m
[0m[INFO] [1783154569.670411329, 128.182000000]: Updating LinkState: reference_frame is empty/world/map, using inertial frame[0m
[0m[INFO] [1783154569.768336193, 128.280000000]: Updating LinkState: reference_frame is empty/world/map, using inertial frame[0m
[0m[INFO] [1783154569.775812053, 128.286000000]: Updating LinkState: reference_frame is empty/world/map, using inertial frame[0m
[0m[INFO] [1783154569.867202167, 128.376000000]: Updating LinkState: reference_frame is empty/world/map, using inertial frame[0m
[0m[INFO] [1783154569.872037467, 128.382000000]: Updating LinkState: reference_frame is empty/world/map, using inertial frame[0m
[0m[INFO] [1783154569.966326155, 128.476000000]: Updating LinkState: reference_frame is empty/world/map, using inertial frame[0m
[0m[INFO] [1783154569.969483136, 128.480000000]: Updating LinkState: reference_frame is empty/world/map, using inertial frame[0m
[0m[INFO] [1783154570.075441653, 128.580000000]: Updating LinkState: reference_frame is empty/world/map, using inertial frame[0m
[0m[INFO] [1783154570.079529574, 128.584000000]: Updating LinkState: reference_frame is empty/world/map, using inertial frame[0m
[0m[INFO] [1783154570.167675222, 128.672000000]: Updating LinkState: reference_frame is empty/world/map, using inertial frame[0m
[0m[INFO] [1783154570.173492116, 128.676000000]: Updating LinkState: reference_frame is empty/world/map, using inertial frame[0m
[0m[INFO] [1783154570.265704456, 128.768000000]: Updating LinkState: reference_frame is empty/world/map, using inertial frame[0m
[0m[INFO] [1783154570.269124190, 128.772000000]: Updating LinkState: reference_frame is empty/world/map, using inertial frame[0m
[0m[INFO] [1783154570.366481780, 128.868000000]: Updating LinkState: reference_frame is empty/world/map, using inertial frame[0m
[0m[INFO] [1783154570.371218437, 128.874000000]: Updating LinkState: reference_frame is empty/world/map, using inertial frame[0m
[0m[INFO] [1783154570.467117113, 128.968000000]: Updating LinkState: reference_frame is empty/world/map, using inertial frame[0m
[0m[INFO] [1783154570.471366675, 128.972000000]: Updating LinkState: reference_frame is empty/world/map, using inertial frame[0m
[0m[INFO] [1783154570.568176247, 129.070000000]: Updating LinkState: reference_frame is empty/world/map, using inertial frame[0m
[0m[INFO] [1783154570.571040359, 129.072000000]: Updating LinkState: reference_frame is empty/world/map, using inertial frame[0m
[0m[INFO] [1783154570.668475759, 129.170000000]: Updating LinkState: reference_frame is empty/world/map, using inertial frame[0m
[0m[INFO] [1783154570.673345914, 129.174000000]: Updating LinkState: reference_frame is empty/world/map, using inertial frame[0m
[0m[INFO] [1783154570.769486509, 129.270000000]: Updating LinkState: reference_frame is empty/world/map, using inertial frame[0m
[0m[INFO] [1783154570.772820238, 129.274000000]: Updating LinkState: reference_frame is empty/world/map, using inertial frame[0m
[0m[INFO] [1783154570.867628704, 129.368000000]: Updating LinkState: reference_frame is empty/world/map, using inertial frame[0m
[0m[INFO] [1783154570.871019802, 129.370000000]: Updating LinkState: reference_frame is empty/world/map, using inertial frame[0m
[0m[INFO] [1783154570.969090607, 129.468000000]: Updating LinkState: reference_frame is empty/world/map, using inertial frame[0m
[0m[INFO] [1783154570.973618523, 129.472000000]: Updating LinkState: reference_frame is empty/world/map, using inertial frame[0m
[0m[INFO] [1783154571.066973110, 129.564000000]: Updating LinkState: reference_frame is empty/world/map, using inertial frame[0m
[0m[INFO] [1783154571.069570224, 129.566000000]: Updating LinkState: reference_frame is empty/world/map, using inertial frame[0m
[0m[INFO] [1783154571.166268613, 129.662000000]: Updating LinkState: reference_frame is empty/world/map, using inertial frame[0m
[0m[INFO] [1783154571.169299500, 129.666000000]: Updating LinkState: reference_frame is empty/world/map, using inertial frame[0m
[0m[INFO] [1783154571.267527699, 129.764000000]: Updating LinkState: reference_frame is empty/world/map, using inertial frame[0m
[0m[INFO] [1783154571.271917771, 129.768000000]: Updating LinkState: reference_frame is empty/world/map, using inertial frame[0m
[0m[INFO] [1783154571.366933003, 129.864000000]: Updating LinkState: reference_frame is empty/world/map, using inertial frame[0m
[0m[INFO] [1783154571.371396045, 129.868000000]: Updating LinkState: reference_frame is empty/world/map, using inertial frame[0m
[0m[INFO] [1783154571.465648691, 129.960000000]: Updating LinkState: reference_frame is empty/world/map, using inertial frame[0m
[0m[INFO] [1783154571.468158418, 129.962000000]: Updating LinkState: reference_frame is empty/world/map, using inertial frame[0m
[0m[INFO] [1783154571.566853865, 130.060000000]: Updating LinkState: reference_frame is empty/world/map, using inertial frame[0m
[0m[INFO] [1783154571.573933966, 130.066000000]: Updating LinkState: reference_frame is empty/world/map, using inertial frame[0m
[0m[INFO] [1783154571.667245700, 130.158000000]: Updating LinkState: reference_frame is empty/world/map, using inertial frame[0m
[0m[INFO] [1783154571.674017924, 130.162000000]: Updating LinkState: reference_frame is empty/world/map, using inertial frame[0m
[0m[INFO] [1783154571.770954083, 130.258000000]: Updating LinkState: reference_frame is empty/world/map, using inertial frame[0m
[0m[INFO] [1783154571.775681162, 130.262000000]: Updating LinkState: reference_frame is empty/world/map, using inertial frame[0m
[0m[INFO] [1783154571.873324907, 130.358000000]: Updating LinkState: reference_frame is empty/world/map, using inertial frame[0m
[0m[INFO] [1783154571.877792491, 130.360000000]: Updating LinkState: reference_frame is empty/world/map, using inertial frame[0m
[0m[INFO] [1783154571.970302538, 130.452000000]: Updating LinkState: reference_frame is empty/world/map, using inertial frame[0m
[0m[INFO] [1783154571.975153044, 130.456000000]: Updating LinkState: reference_frame is empty/world/map, using inertial frame[0m
[0m[INFO] [1783154572.067967809, 130.548000000]: Updating LinkState: reference_frame is empty/world/map, using inertial frame[0m
[0m[INFO] [1783154572.071065643, 130.552000000]: Updating LinkState: reference_frame is empty/world/map, using inertial frame[0m
[0m[INFO] [1783154572.167340824, 130.648000000]: Updating LinkState: reference_frame is empty/world/map, using inertial frame[0m
[0m[INFO] [1783154572.170033223, 130.650000000]: Updating LinkState: reference_frame is empty/world/map, using inertial frame[0m
[0m[INFO] [1783154572.266179051, 130.746000000]: Updating LinkState: reference_frame is empty/world/map, using inertial frame[0m
[0m[INFO] [1783154572.274306806, 130.752000000]: Updating LinkState: reference_frame is empty/world/map, using inertial frame[0m
[0m[INFO] [1783154572.367826787, 130.846000000]: Updating LinkState: reference_frame is empty/world/map, using inertial frame[0m
[0m[INFO] [1783154572.372829454, 130.850000000]: Updating LinkState: reference_frame is empty/world/map, using inertial frame[0m
[0m[INFO] [1783154572.468005438, 130.944000000]: Updating LinkState: reference_frame is empty/world/map, using inertial frame[0m
[0m[INFO] [1783154572.471752304, 130.948000000]: Updating LinkState: reference_frame is empty/world/map, using inertial frame[0m
[0m[INFO] [1783154572.566852552, 131.042000000]: Updating LinkState: reference_frame is empty/world/map, using inertial frame[0m
[0m[INFO] [1783154572.570814478, 131.046000000]: Updating LinkState: reference_frame is empty/world/map, using inertial frame[0m
[0m[INFO] [1783154572.665712800, 131.142000000]: Updating LinkState: reference_frame is empty/world/map, using inertial frame[0m
[0m[INFO] [1783154572.668603967, 131.144000000]: Updating LinkState: reference_frame is empty/world/map, using inertial frame[0m
[0m[INFO] [1783154572.766219570, 131.242000000]: Updating LinkState: reference_frame is empty/world/map, using inertial frame[0m
[0m[INFO] [1783154572.770518108, 131.246000000]: Updating LinkState: reference_frame is empty/world/map, using inertial frame[0m
[0m[INFO] [1783154572.867175025, 131.342000000]: Updating LinkState: reference_frame is empty/world/map, using inertial frame[0m
[0m[INFO] [1783154572.871741549, 131.348000000]: Updating LinkState: reference_frame is empty/world/map, using inertial frame[0m
[0m[INFO] [1783154572.969459054, 131.444000000]: Updating LinkState: reference_frame is empty/world/map, using inertial frame[0m
[0m[INFO] [1783154572.973142627, 131.448000000]: Updating LinkState: reference_frame is empty/world/map, using inertial frame[0m
[0m[INFO] [1783154573.071150039, 131.542000000]: Updating LinkState: reference_frame is empty/world/map, using inertial frame[0m
[0m[INFO] [1783154573.075421225, 131.548000000]: Updating LinkState: reference_frame is empty/world/map, using inertial frame[0m
[0m[INFO] [1783154573.173179610, 131.640000000]: Updating LinkState: reference_frame is empty/world/map, using inertial frame[0m
[0m[INFO] [1783154573.176762959, 131.644000000]: Updating LinkState: reference_frame is empty/world/map, using inertial frame[0m
[0m[INFO] [1783154573.268451867, 131.736000000]: Updating LinkState: reference_frame is empty/world/map, using inertial frame[0m
[0m[INFO] [1783154573.272915403, 131.740000000]: Updating LinkState: reference_frame is empty/world/map, using inertial frame[0m
[0m[INFO] [1783154573.370833058, 131.838000000]: Updating LinkState: reference_frame is empty/world/map, using inertial frame[0m
[0m[INFO] [1783154573.373506006, 131.840000000]: Updating LinkState: reference_frame is empty/world/map, using inertial frame[0m
[0m[INFO] [1783154573.467615674, 131.934000000]: Updating LinkState: reference_frame is empty/world/map, using inertial frame[0m
[0m[INFO] [1783154573.471117265, 131.938000000]: Updating LinkState: reference_frame is empty/world/map, using inertial frame[0m
[0m[INFO] [1783154573.569199721, 132.036000000]: Updating LinkState: reference_frame is empty/world/map, using inertial frame[0m
[0m[INFO] [1783154573.571963215, 132.038000000]: Updating LinkState: reference_frame is empty/world/map, using inertial frame[0m
[0m[INFO] [1783154573.669281210, 132.136000000]: Updating LinkState: reference_frame is empty/world/map, using inertial frame[0m
[0m[INFO] [1783154573.672650585, 132.138000000]: Updating LinkState: reference_frame is empty/world/map, using inertial frame[0m
[0m[INFO] [1783154573.767472084, 132.234000000]: Updating LinkState: reference_frame is empty/world/map, using inertial frame[0m
[0m[INFO] [1783154573.772009084, 132.238000000]: Updating LinkState: reference_frame is empty/world/map, using inertial frame[0m
[0m[INFO] [1783154573.866206633, 132.332000000]: Updating LinkState: reference_frame is empty/world/map, using inertial frame[0m
[0m[INFO] [1783154573.869651941, 132.336000000]: Updating LinkState: reference_frame is empty/world/map, using inertial frame[0m
[0m[INFO] [1783154573.970737933, 132.436000000]: Updating LinkState: reference_frame is empty/world/map, using inertial frame[0m
[0m[INFO] [1783154573.975936307, 132.442000000]: Updating LinkState: reference_frame is empty/world/map, using inertial frame[0m
[0m[INFO] [1783154574.068155767, 132.534000000]: Updating LinkState: reference_frame is empty/world/map, using inertial frame[0m
[0m[INFO] [1783154574.071567813, 132.538000000]: Updating LinkState: reference_frame is empty/world/map, using inertial frame[0m
[0m[INFO] [1783154574.165808847, 132.632000000]: Updating LinkState: reference_frame is empty/world/map, using inertial frame[0m
[0m[INFO] [1783154574.169023800, 132.634000000]: Updating LinkState: reference_frame is empty/world/map, using inertial frame[0m
[0m[INFO] [1783154574.269952219, 132.736000000]: Updating LinkState: reference_frame is empty/world/map, using inertial frame[0m
[0m[INFO] [1783154574.272970964, 132.738000000]: Updating LinkState: reference_frame is empty/world/map, using inertial frame[0m
[0m[INFO] [1783154574.367549238, 132.834000000]: Updating LinkState: reference_frame is empty/world/map, using inertial frame[0m
[0m[INFO] [1783154574.370951548, 132.836000000]: Updating LinkState: reference_frame is empty/world/map, using inertial frame[0m
[0m[INFO] [1783154574.471731360, 132.934000000]: Updating LinkState: reference_frame is empty/world/map, using inertial frame[0m
[0m[INFO] [1783154574.476533284, 132.938000000]: Updating LinkState: reference_frame is empty/world/map, using inertial frame[0m
[0m[INFO] [1783154574.571803842, 133.030000000]: Updating LinkState: reference_frame is empty/world/map, using inertial frame[0m
[0m[INFO] [1783154574.575140945, 133.034000000]: Updating LinkState: reference_frame is empty/world/map, using inertial frame[0m
[0m[INFO] [1783154574.669085159, 133.128000000]: Updating LinkState: reference_frame is empty/world/map, using inertial frame[0m
[0m[INFO] [1783154574.672287720, 133.130000000]: Updating LinkState: reference_frame is empty/world/map, using inertial frame[0m
[0m[INFO] [1783154574.771688473, 133.230000000]: Updating LinkState: reference_frame is empty/world/map, using inertial frame[0m
[0m[INFO] [1783154574.774471868, 133.232000000]: Updating LinkState: reference_frame is empty/world/map, using inertial frame[0m
[0m[INFO] [1783154574.870757689, 133.324000000]: Updating LinkState: reference_frame is empty/world/map, using inertial frame[0m
[0m[INFO] [1783154574.876360180, 133.328000000]: Updating LinkState: reference_frame is empty/world/map, using inertial frame[0m
[0m[INFO] [1783154574.968897993, 133.418000000]: Updating LinkState: reference_frame is empty/world/map, using inertial frame[0m
[0m[INFO] [1783154574.972058755, 133.422000000]: Updating LinkState: reference_frame is empty/world/map, using inertial frame[0m
[0m[INFO] [1783154575.067987961, 133.518000000]: Updating LinkState: reference_frame is empty/world/map, using inertial frame[0m
[0m[INFO] [1783154575.071595723, 133.522000000]: Updating LinkState: reference_frame is empty/world/map, using inertial frame[0m
[0m[INFO] [1783154575.167435529, 133.616000000]: Updating LinkState: reference_frame is empty/world/map, using inertial frame[0m
[0m[INFO] [1783154575.170318847, 133.618000000]: Updating LinkState: reference_frame is empty/world/map, using inertial frame[0m
[0m[INFO] [1783154575.267140281, 133.714000000]: Updating LinkState: reference_frame is empty/world/map, using inertial frame[0m
[0m[INFO] [1783154575.271087644, 133.718000000]: Updating LinkState: reference_frame is empty/world/map, using inertial frame[0m
[0m[INFO] [1783154575.370026940, 133.818000000]: Updating LinkState: reference_frame is empty/world/map, using inertial frame[0m
[0m[INFO] [1783154575.374138154, 133.822000000]: Updating LinkState: reference_frame is empty/world/map, using inertial frame[0m
[0m[INFO] [1783154575.468484225, 133.916000000]: Updating LinkState: reference_frame is empty/world/map, using inertial frame[0m
[0m[INFO] [1783154575.470720500, 133.918000000]: Updating LinkState: reference_frame is empty/world/map, using inertial frame[0m
[0m[INFO] [1783154575.569467425, 134.012000000]: Updating LinkState: reference_frame is empty/world/map, using inertial frame[0m
[0m[INFO] [1783154575.573328043, 134.016000000]: Updating LinkState: reference_frame is empty/world/map, using inertial frame[0m
[0m[INFO] [1783154575.671601414, 134.110000000]: Updating LinkState: reference_frame is empty/world/map, using inertial frame[0m
[0m[INFO] [1783154575.675096074, 134.114000000]: Updating LinkState: reference_frame is empty/world/map, using inertial frame[0m
[0m[INFO] [1783154575.768165664, 134.208000000]: Updating LinkState: reference_frame is empty/world/map, using inertial frame[0m
[0m[INFO] [1783154575.771332130, 134.210000000]: Updating LinkState: reference_frame is empty/world/map, using inertial frame[0m
[0m[INFO] [1783154575.865407543, 134.304000000]: Updating LinkState: reference_frame is empty/world/map, using inertial frame[0m
[0m[INFO] [1783154575.868977932, 134.308000000]: Updating LinkState: reference_frame is empty/world/map, using inertial frame[0m
[0m[INFO] [1783154575.968563091, 134.408000000]: Updating LinkState: reference_frame is empty/world/map, using inertial frame[0m
[0m[INFO] [1783154575.971189322, 134.410000000]: Updating LinkState: reference_frame is empty/world/map, using inertial frame[0m
[0m[INFO] [1783154576.067924996, 134.508000000]: Updating LinkState: reference_frame is empty/world/map, using inertial frame[0m
[0m[INFO] [1783154576.080192742, 134.514000000]: Updating LinkState: reference_frame is empty/world/map, using inertial frame[0m
[0m[INFO] [1783154576.167975643, 134.602000000]: Updating LinkState: reference_frame is empty/world/map, using inertial frame[0m
[0m[INFO] [1783154576.173125233, 134.608000000]: Updating LinkState: reference_frame is empty/world/map, using inertial frame[0m
[0m[INFO] [1783154576.269512650, 134.704000000]: Updating LinkState: reference_frame is empty/world/map, using inertial frame[0m
[0m[INFO] [1783154576.274531533, 134.708000000]: Updating LinkState: reference_frame is empty/world/map, using inertial frame[0m
[0m[INFO] [1783154576.370111991, 134.804000000]: Updating LinkState: reference_frame is empty/world/map, using inertial frame[0m
[0m[INFO] [1783154576.372529328, 134.806000000]: Updating LinkState: reference_frame is empty/world/map, using inertial frame[0m
[0m[INFO] [1783154576.476423777, 134.906000000]: Updating LinkState: reference_frame is empty/world/map, using inertial frame[0m
[0m[INFO] [1783154576.484614437, 134.914000000]: Updating LinkState: reference_frame is empty/world/map, using inertial frame[0m
[0m[INFO] [1783154576.572297809, 135.000000000]: Updating LinkState: reference_frame is empty/world/map, using inertial frame[0m
[0m[INFO] [1783154576.582342262, 135.008000000]: Updating LinkState: reference_frame is empty/world/map, using inertial frame[0m
[0m[INFO] [1783154576.703087554, 135.096000000]: Updating LinkState: reference_frame is empty/world/map, using inertial frame[0m
[0m[INFO] [1783154576.716584869, 135.110000000]: Updating LinkState: reference_frame is empty/world/map, using inertial frame[0m
[0m[INFO] [1783154576.782600131, 135.168000000]: Updating LinkState: reference_frame is empty/world/map, using inertial frame[0m
[0m[INFO] [1783154576.787208306, 135.172000000]: Updating LinkState: reference_frame is empty/world/map, using inertial frame[0m
[0m[INFO] [1783154576.871888077, 135.248000000]: Updating LinkState: reference_frame is empty/world/map, using inertial frame[0m
[0m[INFO] [1783154576.885629103, 135.260000000]: Updating LinkState: reference_frame is empty/world/map, using inertial frame[0m
[0m[INFO] [1783154576.974823715, 135.342000000]: Updating LinkState: reference_frame is empty/world/map, using inertial frame[0m
[0m[INFO] [1783154576.983308441, 135.352000000]: Updating LinkState: reference_frame is empty/world/map, using inertial frame[0m
[0m[INFO] [1783154577.107634448, 135.444000000]: Updating LinkState: reference_frame is empty/world/map, using inertial frame[0m
[0m[INFO] [1783154577.115393452, 135.450000000]: Updating LinkState: reference_frame is empty/world/map, using inertial frame[0m
[0m[INFO] [1783154577.180904180, 135.512000000]: Updating LinkState: reference_frame is empty/world/map, using inertial frame[0m
[0m[INFO] [1783154577.192203281, 135.516000000]: Updating LinkState: reference_frame is empty/world/map, using inertial frame[0m
[0m[INFO] [1783154577.276808995, 135.594000000]: Updating LinkState: reference_frame is empty/world/map, using inertial frame[0m
[0m[INFO] [1783154577.289646089, 135.604000000]: Updating LinkState: reference_frame is empty/world/map, using inertial frame[0m
[0m[INFO] [1783154577.386367599, 135.688000000]: Updating LinkState: reference_frame is empty/world/map, using inertial frame[0m
[0m[INFO] [1783154577.392639064, 135.696000000]: Updating LinkState: reference_frame is empty/world/map, using inertial frame[0m
[0m[INFO] [1783154577.478773526, 135.772000000]: Updating LinkState: reference_frame is empty/world/map, using inertial frame[0m
[0m[INFO] [1783154577.485705901, 135.780000000]: Updating LinkState: reference_frame is empty/world/map, using inertial frame[0m
[0m[INFO] [1783154577.576608945, 135.860000000]: Updating LinkState: reference_frame is empty/world/map, using inertial frame[0m
[0m[INFO] [1783154577.586557312, 135.868000000]: Updating LinkState: reference_frame is empty/world/map, using inertial frame[0m
[0m[INFO] [1783154577.676613271, 135.948000000]: Updating LinkState: reference_frame is empty/world/map, using inertial frame[0m
[0m[INFO] [1783154577.690154253, 135.960000000]: Updating LinkState: reference_frame is empty/world/map, using inertial frame[0m
[0m[INFO] [1783154577.782096165, 136.044000000]: Updating LinkState: reference_frame is empty/world/map, using inertial frame[0m
[0m[INFO] [1783154577.785837388, 136.048000000]: Updating LinkState: reference_frame is empty/world/map, using inertial frame[0m
[0m[INFO] [1783154577.882441666, 136.136000000]: Updating LinkState: reference_frame is empty/world/map, using inertial frame[0m
[0m[INFO] [1783154577.887745566, 136.140000000]: Updating LinkState: reference_frame is empty/world/map, using inertial frame[0m
[0m[INFO] [1783154577.971148759, 136.222000000]: Updating LinkState: reference_frame is empty/world/map, using inertial frame[0m
[0m[INFO] [1783154577.978743912, 136.226000000]: Updating LinkState: reference_frame is empty/world/map, using inertial frame[0m
[0m[INFO] [1783154578.066173147, 136.314000000]: Updating LinkState: reference_frame is empty/world/map, using inertial frame[0m
[0m[INFO] [1783154578.071967911, 136.320000000]: Updating LinkState: reference_frame is empty/world/map, using inertial frame[0m
[0m[INFO] [1783154578.172823650, 136.418000000]: Updating LinkState: reference_frame is empty/world/map, using inertial frame[0m
[0m[INFO] [1783154578.177095665, 136.422000000]: Updating LinkState: reference_frame is empty/world/map, using inertial frame[0m
[0m[INFO] [1783154578.271945090, 136.514000000]: Updating LinkState: reference_frame is empty/world/map, using inertial frame[0m
[0m[INFO] [1783154578.277206798, 136.518000000]: Updating LinkState: reference_frame is empty/world/map, using inertial frame[0m
[0m[INFO] [1783154578.369683733, 136.612000000]: Updating LinkState: reference_frame is empty/world/map, using inertial frame[0m
[0m[INFO] [1783154578.372758144, 136.614000000]: Updating LinkState: reference_frame is empty/world/map, using inertial frame[0m
[0m[INFO] [1783154578.467008816, 136.710000000]: Updating LinkState: reference_frame is empty/world/map, using inertial frame[0m
[0m[INFO] [1783154578.470150105, 136.712000000]: Updating LinkState: reference_frame is empty/world/map, using inertial frame[0m
[0m[INFO] [1783154578.574240762, 136.814000000]: Updating LinkState: reference_frame is empty/world/map, using inertial frame[0m
[0m[INFO] [1783154578.586272469, 136.820000000]: Updating LinkState: reference_frame is empty/world/map, using inertial frame[0m
[0m[INFO] [1783154578.687522787, 136.902000000]: Updating LinkState: reference_frame is empty/world/map, using inertial frame[0m
[0m[INFO] [1783154578.698036860, 136.908000000]: Updating LinkState: reference_frame is empty/world/map, using inertial frame[0m
[0m[INFO] [1783154578.784609962, 136.984000000]: Updating LinkState: reference_frame is empty/world/map, using inertial frame[0m
[0m[INFO] [1783154578.792615922, 136.990000000]: Updating LinkState: reference_frame is empty/world/map, using inertial frame[0m
[0m[INFO] [1783154578.873051707, 137.064000000]: Updating LinkState: reference_frame is empty/world/map, using inertial frame[0m
[0m[INFO] [1783154578.885937287, 137.070000000]: Updating LinkState: reference_frame is empty/world/map, using inertial frame[0m
[0m[INFO] [1783154578.978574237, 137.152000000]: Updating LinkState: reference_frame is empty/world/map, using inertial frame[0m
[0m[INFO] [1783154578.983369669, 137.156000000]: Updating LinkState: reference_frame is empty/world/map, using inertial frame[0m
[0m[INFO] [1783154579.068045015, 137.240000000]: Updating LinkState: reference_frame is empty/world/map, using inertial frame[0m
[0m[INFO] [1783154579.075030007, 137.246000000]: Updating LinkState: reference_frame is empty/world/map, using inertial frame[0m
[0m[INFO] [1783154579.176777187, 137.340000000]: Updating LinkState: reference_frame is empty/world/map, using inertial frame[0m
[0m[INFO] [1783154579.182569492, 137.344000000]: Updating LinkState: reference_frame is empty/world/map, using inertial frame[0m
[0m[INFO] [1783154579.274213995, 137.428000000]: Updating LinkState: reference_frame is empty/world/map, using inertial frame[0m
[0m[INFO] [1783154579.279050538, 137.432000000]: Updating LinkState: reference_frame is empty/world/map, using inertial frame[0m
[0m[INFO] [1783154579.374765341, 137.524000000]: Updating LinkState: reference_frame is empty/world/map, using inertial frame[0m
[0m[INFO] [1783154579.377239328, 137.528000000]: Updating LinkState: reference_frame is empty/world/map, using inertial frame[0m
[0m[INFO] [1783154579.472306597, 137.616000000]: Updating LinkState: reference_frame is empty/world/map, using inertial frame[0m
[0m[INFO] [1783154579.479058697, 137.624000000]: Updating LinkState: reference_frame is empty/world/map, using inertial frame[0m
[0m[INFO] [1783154579.574137866, 137.710000000]: Updating LinkState: reference_frame is empty/world/map, using inertial frame[0m
[0m[INFO] [1783154579.585110249, 137.718000000]: Updating LinkState: reference_frame is empty/world/map, using inertial frame[0m
[0m[INFO] [1783154579.673276911, 137.802000000]: Updating LinkState: reference_frame is empty/world/map, using inertial frame[0m
[0m[INFO] [1783154579.676998758, 137.806000000]: Updating LinkState: reference_frame is empty/world/map, using inertial frame[0m
[0m[INFO] [1783154579.769395833, 137.896000000]: Updating LinkState: reference_frame is empty/world/map, using inertial frame[0m
[0m[INFO] [1783154579.773677290, 137.900000000]: Updating LinkState: reference_frame is empty/world/map, using inertial frame[0m
[0m[INFO] [1783154579.865873830, 137.992000000]: Updating LinkState: reference_frame is empty/world/map, using inertial frame[0m
[0m[INFO] [1783154579.871680789, 137.998000000]: Updating LinkState: reference_frame is empty/world/map, using inertial frame[0m
[0m[INFO] [1783154579.978434460, 138.100000000]: Updating LinkState: reference_frame is empty/world/map, using inertial frame[0m
[0m[INFO] [1783154579.983204420, 138.106000000]: Updating LinkState: reference_frame is empty/world/map, using inertial frame[0m
[0m[INFO] [1783154580.074191947, 138.196000000]: Updating LinkState: reference_frame is empty/world/map, using inertial frame[0m
[0m[INFO] [1783154580.078894636, 138.202000000]: Updating LinkState: reference_frame is empty/world/map, using inertial frame[0m
[0m[INFO] [1783154580.192169777, 138.296000000]: Updating LinkState: reference_frame is empty/world/map, using inertial frame[0m
[0m[INFO] [1783154580.197536523, 138.302000000]: Updating LinkState: reference_frame is empty/world/map, using inertial frame[0m
[0m[INFO] [1783154580.284273967, 138.380000000]: Updating LinkState: reference_frame is empty/world/map, using inertial frame[0m
[0m[INFO] [1783154580.293893058, 138.386000000]: Updating LinkState: reference_frame is empty/world/map, using inertial frame[0m
[0m[INFO] [1783154580.364036254, 138.460000000]: Updating LinkState: reference_frame is empty/world/map, using inertial frame[0m
[0m[INFO] [1783154580.369319894, 138.466000000]: Updating LinkState: reference_frame is empty/world/map, using inertial frame[0m
[0m[INFO] [1783154580.468232243, 138.566000000]: Updating LinkState: reference_frame is empty/world/map, using inertial frame[0m
[0m[INFO] [1783154580.473267845, 138.572000000]: Updating LinkState: reference_frame is empty/world/map, using inertial frame[0m
[0m[INFO] [1783154580.568195949, 138.668000000]: Updating LinkState: reference_frame is empty/world/map, using inertial frame[0m
[0m[INFO] [1783154580.573314559, 138.674000000]: Updating LinkState: reference_frame is empty/world/map, using inertial frame[0m
[0m[INFO] [1783154580.669426203, 138.768000000]: Updating LinkState: reference_frame is empty/world/map, using inertial frame[0m
[0m[INFO] [1783154580.673578232, 138.772000000]: Updating LinkState: reference_frame is empty/world/map, using inertial frame[0m
[0m[INFO] [1783154580.768576362, 138.866000000]: Updating LinkState: reference_frame is empty/world/map, using inertial frame[0m
[0m[INFO] [1783154580.772561688, 138.870000000]: Updating LinkState: reference_frame is empty/world/map, using inertial frame[0m
[0m[INFO] [1783154580.869513140, 138.966000000]: Updating LinkState: reference_frame is empty/world/map, using inertial frame[0m
[0m[INFO] [1783154580.875753920, 138.972000000]: Updating LinkState: reference_frame is empty/world/map, using inertial frame[0m
[0m[INFO] [1783154580.976332902, 139.066000000]: Updating LinkState: reference_frame is empty/world/map, using inertial frame[0m
[0m[INFO] [1783154580.981118697, 139.070000000]: Updating LinkState: reference_frame is empty/world/map, using inertial frame[0m
[0m[INFO] [1783154581.066791407, 139.152000000]: Updating LinkState: reference_frame is empty/world/map, using inertial frame[0m
[0m[INFO] [1783154581.071077781, 139.154000000]: Updating LinkState: reference_frame is empty/world/map, using inertial frame[0m
[0m[INFO] [1783154581.169025713, 139.252000000]: Updating LinkState: reference_frame is empty/world/map, using inertial frame[0m
[0m[INFO] [1783154581.177207522, 139.258000000]: Updating LinkState: reference_frame is empty/world/map, using inertial frame[0m
[0m[INFO] [1783154581.267678516, 139.350000000]: Updating LinkState: reference_frame is empty/world/map, using inertial frame[0m
[0m[INFO] [1783154581.272255318, 139.354000000]: Updating LinkState: reference_frame is empty/world/map, using inertial frame[0m
[0m[INFO] [1783154581.369083341, 139.450000000]: Updating LinkState: reference_frame is empty/world/map, using inertial frame[0m
[0m[INFO] [1783154581.372929896, 139.454000000]: Updating LinkState: reference_frame is empty/world/map, using inertial frame[0m
[0m[INFO] [1783154581.470033299, 139.550000000]: Updating LinkState: reference_frame is empty/world/map, using inertial frame[0m
[0m[INFO] [1783154581.475293138, 139.556000000]: Updating LinkState: reference_frame is empty/world/map, using inertial frame[0m
[0m[INFO] [1783154581.568646763, 139.648000000]: Updating LinkState: reference_frame is empty/world/map, using inertial frame[0m
[0m[INFO] [1783154581.571554078, 139.650000000]: Updating LinkState: reference_frame is empty/world/map, using inertial frame[0m
[0m[INFO] [1783154581.669676777, 139.748000000]: Updating LinkState: reference_frame is empty/world/map, using inertial frame[0m
[0m[INFO] [1783154581.673406885, 139.752000000]: Updating LinkState: reference_frame is empty/world/map, using inertial frame[0m
[0m[INFO] [1783154581.769154636, 139.844000000]: Updating LinkState: reference_frame is empty/world/map, using inertial frame[0m
[0m[INFO] [1783154581.773811297, 139.850000000]: Updating LinkState: reference_frame is empty/world/map, using inertial frame[0m
[0m[INFO] [1783154581.869418604, 139.944000000]: Updating LinkState: reference_frame is empty/world/map, using inertial frame[0m
[0m[INFO] [1783154581.875898767, 139.950000000]: Updating LinkState: reference_frame is empty/world/map, using inertial frame[0m
[0m[INFO] [1783154581.966956418, 140.042000000]: Updating LinkState: reference_frame is empty/world/map, using inertial frame[0m
[0m[INFO] [1783154581.971550922, 140.044000000]: Updating LinkState: reference_frame is empty/world/map, using inertial frame[0m
[0m[INFO] [1783154582.068068053, 140.142000000]: Updating LinkState: reference_frame is empty/world/map, using inertial frame[0m
[0m[INFO] [1783154582.075796340, 140.150000000]: Updating LinkState: reference_frame is empty/world/map, using inertial frame[0m
[0m[INFO] [1783154582.170356361, 140.242000000]: Updating LinkState: reference_frame is empty/world/map, using inertial frame[0m
[0m[INFO] [1783154582.177216183, 140.248000000]: Updating LinkState: reference_frame is empty/world/map, using inertial frame[0m
[0m[INFO] [1783154582.272529123, 140.340000000]: Updating LinkState: reference_frame is empty/world/map, using inertial frame[0m
[0m[INFO] [1783154582.276923983, 140.344000000]: Updating LinkState: reference_frame is empty/world/map, using inertial frame[0m
[0m[INFO] [1783154582.377406232, 140.440000000]: Updating LinkState: reference_frame is empty/world/map, using inertial frame[0m
[0m[INFO] [1783154582.388635239, 140.448000000]: Updating LinkState: reference_frame is empty/world/map, using inertial frame[0m
[0m[INFO] [1783154582.480406870, 140.532000000]: Updating LinkState: reference_frame is empty/world/map, using inertial frame[0m
[0m[INFO] [1783154582.490359350, 140.540000000]: Updating LinkState: reference_frame is empty/world/map, using inertial frame[0m
[0m[INFO] [1783154588.199767484, 145.586000000]: Updating LinkState: reference_frame is empty/world/map, using inertial frame[0m
[0m[INFO] [1783154588.204320849, 145.590000000]: Updating LinkState: reference_frame is empty/world/map, using inertial frame[0m
[0m[INFO] [1783154588.297590517, 145.684000000]: Updating LinkState: reference_frame is empty/world/map, using inertial frame[0m
[0m[INFO] [1783154588.302884457, 145.688000000]: Updating LinkState: reference_frame is empty/world/map, using inertial frame[0m
[0m[INFO] [1783154588.399906378, 145.780000000]: Updating LinkState: reference_frame is empty/world/map, using inertial frame[0m
[0m[INFO] [1783154588.408474391, 145.788000000]: Updating LinkState: reference_frame is empty/world/map, using inertial frame[0m
[0m[INFO] [1783154588.500595225, 145.876000000]: Updating LinkState: reference_frame is empty/world/map, using inertial frame[0m
[0m[INFO] [1783154588.506695017, 145.882000000]: Updating LinkState: reference_frame is empty/world/map, using inertial frame[0m
[0m[INFO] [1783154588.602278945, 145.970000000]: Updating LinkState: reference_frame is empty/world/map, using inertial frame[0m
[0m[INFO] [1783154588.615213673, 145.978000000]: Updating LinkState: reference_frame is empty/world/map, using inertial frame[0m
[0m[INFO] [1783154588.701628753, 146.058000000]: Updating LinkState: reference_frame is empty/world/map, using inertial frame[0m
[0m[INFO] [1783154588.706293811, 146.062000000]: Updating LinkState: reference_frame is empty/world/map, using inertial frame[0m
[0m[INFO] [1783154588.798095267, 146.150000000]: Updating LinkState: reference_frame is empty/world/map, using inertial frame[0m
[0m[INFO] [1783154588.803534477, 146.154000000]: Updating LinkState: reference_frame is empty/world/map, using inertial frame[0m
[0m[INFO] [1783154588.908629147, 146.248000000]: Updating LinkState: reference_frame is empty/world/map, using inertial frame[0m
[0m[INFO] [1783154588.914182718, 146.252000000]: Updating LinkState: reference_frame is empty/world/map, using inertial frame[0m
[0m[INFO] [1783154588.998179449, 146.336000000]: Updating LinkState: reference_frame is empty/world/map, using inertial frame[0m
[0m[INFO] [1783154589.006277283, 146.344000000]: Updating LinkState: reference_frame is empty/world/map, using inertial frame[0m
[0m[INFO] [1783154589.103043128, 146.432000000]: Updating LinkState: reference_frame is empty/world/map, using inertial frame[0m
[0m[INFO] [1783154589.106926924, 146.436000000]: Updating LinkState: reference_frame is empty/world/map, using inertial frame[0m
[0m[INFO] [1783154589.200780242, 146.526000000]: Updating LinkState: reference_frame is empty/world/map, using inertial frame[0m
[0m[INFO] [1783154589.206586926, 146.532000000]: Updating LinkState: reference_frame is empty/world/map, using inertial frame[0m
[0m[INFO] [1783154589.293173842, 146.616000000]: Updating LinkState: reference_frame is empty/world/map, using inertial frame[0m
[0m[INFO] [1783154589.300119385, 146.622000000]: Updating LinkState: reference_frame is empty/world/map, using inertial frame[0m
[0m[INFO] [1783154589.399007013, 146.718000000]: Updating LinkState: reference_frame is empty/world/map, using inertial frame[0m
[0m[INFO] [1783154589.403492334, 146.724000000]: Updating LinkState: reference_frame is empty/world/map, using inertial frame[0m
[0m[INFO] [1783154589.499959243, 146.816000000]: Updating LinkState: reference_frame is empty/world/map, using inertial frame[0m
[0m[INFO] [1783154589.506866963, 146.822000000]: Updating LinkState: reference_frame is empty/world/map, using inertial frame[0m
[0m[INFO] [1783154589.596130278, 146.908000000]: Updating LinkState: reference_frame is empty/world/map, using inertial frame[0m
[0m[INFO] [1783154589.600170702, 146.912000000]: Updating LinkState: reference_frame is empty/world/map, using inertial frame[0m
[0m[INFO] [1783154589.701871112, 147.008000000]: Updating LinkState: reference_frame is empty/world/map, using inertial frame[0m
[0m[INFO] [1783154589.705651312, 147.012000000]: Updating LinkState: reference_frame is empty/world/map, using inertial frame[0m
[0m[INFO] [1783154589.800973041, 147.100000000]: Updating LinkState: reference_frame is empty/world/map, using inertial frame[0m
[0m[INFO] [1783154589.805907902, 147.104000000]: Updating LinkState: reference_frame is empty/world/map, using inertial frame[0m
[0m[INFO] [1783154589.909190095, 147.194000000]: Updating LinkState: reference_frame is empty/world/map, using inertial frame[0m
[0m[INFO] [1783154589.913452918, 147.202000000]: Updating LinkState: reference_frame is empty/world/map, using inertial frame[0m
[0m[INFO] [1783154589.997658914, 147.284000000]: Updating LinkState: reference_frame is empty/world/map, using inertial frame[0m
[0m[INFO] [1783154590.004713583, 147.288000000]: Updating LinkState: reference_frame is empty/world/map, using inertial frame[0m
[0m[INFO] [1783154590.095067111, 147.378000000]: Updating LinkState: reference_frame is empty/world/map, using inertial frame[0m
[0m[INFO] [1783154590.099458848, 147.382000000]: Updating LinkState: reference_frame is empty/world/map, using inertial frame[0m
[0m[INFO] [1783154590.199245884, 147.480000000]: Updating LinkState: reference_frame is empty/world/map, using inertial frame[0m
[0m[INFO] [1783154590.207349216, 147.488000000]: Updating LinkState: reference_frame is empty/world/map, using inertial frame[0m
[0m[INFO] [1783154590.300551312, 147.576000000]: Updating LinkState: reference_frame is empty/world/map, using inertial frame[0m
[0m[INFO] [1783154590.307985564, 147.582000000]: Updating LinkState: reference_frame is empty/world/map, using inertial frame[0m
[0m[INFO] [1783154590.397235986, 147.670000000]: Updating LinkState: reference_frame is empty/world/map, using inertial frame[0m
[0m[INFO] [1783154590.405545820, 147.678000000]: Updating LinkState: reference_frame is empty/world/map, using inertial frame[0m
[0m[INFO] [1783154590.494940822, 147.768000000]: Updating LinkState: reference_frame is empty/world/map, using inertial frame[0m
[0m[INFO] [1783154590.503603318, 147.774000000]: Updating LinkState: reference_frame is empty/world/map, using inertial frame[0m
[0m[INFO] [1783154590.599142012, 147.864000000]: Updating LinkState: reference_frame is empty/world/map, using inertial frame[0m
[0m[INFO] [1783154590.604468586, 147.868000000]: Updating LinkState: reference_frame is empty/world/map, using inertial frame[0m
[0m[INFO] [1783154590.698323073, 147.958000000]: Updating LinkState: reference_frame is empty/world/map, using inertial frame[0m
[0m[INFO] [1783154590.703735071, 147.964000000]: Updating LinkState: reference_frame is empty/world/map, using inertial frame[0m
[0m[INFO] [1783154590.799570926, 148.056000000]: Updating LinkState: reference_frame is empty/world/map, using inertial frame[0m
[0m[INFO] [1783154590.803548672, 148.060000000]: Updating LinkState: reference_frame is empty/world/map, using inertial frame[0m
[0m[INFO] [1783154590.898882149, 148.154000000]: Updating LinkState: reference_frame is empty/world/map, using inertial frame[0m
[0m[INFO] [1783154590.902218960, 148.158000000]: Updating LinkState: reference_frame is empty/world/map, using inertial frame[0m
[0m[INFO] [1783154590.996059029, 148.248000000]: Updating LinkState: reference_frame is empty/world/map, using inertial frame[0m
[0m[INFO] [1783154590.999858222, 148.252000000]: Updating LinkState: reference_frame is empty/world/map, using inertial frame[0m
[0m[INFO] [1783154591.103635348, 148.348000000]: Updating LinkState: reference_frame is empty/world/map, using inertial frame[0m
[0m[INFO] [1783154591.116160933, 148.362000000]: Updating LinkState: reference_frame is empty/world/map, using inertial frame[0m
[0m[INFO] [1783154591.195335643, 148.440000000]: Updating LinkState: reference_frame is empty/world/map, using inertial frame[0m
[0m[INFO] [1783154591.200090312, 148.444000000]: Updating LinkState: reference_frame is empty/world/map, using inertial frame[0m
[0m[INFO] [1783154591.308117953, 148.544000000]: Updating LinkState: reference_frame is empty/world/map, using inertial frame[0m
[0m[INFO] [1783154591.313816643, 148.550000000]: Updating LinkState: reference_frame is empty/world/map, using inertial frame[0m
[0m[INFO] [1783154591.394456022, 148.628000000]: Updating LinkState: reference_frame is empty/world/map, using inertial frame[0m
[0m[INFO] [1783154591.397406890, 148.632000000]: Updating LinkState: reference_frame is empty/world/map, using inertial frame[0m
[0m[INFO] [1783154591.505197809, 148.732000000]: Updating LinkState: reference_frame is empty/world/map, using inertial frame[0m
[0m[INFO] [1783154591.514918983, 148.742000000]: Updating LinkState: reference_frame is empty/world/map, using inertial frame[0m
[0m[INFO] [1783154591.628003490, 148.830000000]: Updating LinkState: reference_frame is empty/world/map, using inertial frame[0m
[0m[INFO] [1783154591.646982173, 148.846000000]: Updating LinkState: reference_frame is empty/world/map, using inertial frame[0m
[0m[INFO] [1783154591.718399793, 148.888000000]: Updating LinkState: reference_frame is empty/world/map, using inertial frame[0m
[0m[INFO] [1783154591.724767367, 148.892000000]: Updating LinkState: reference_frame is empty/world/map, using inertial frame[0m
[0m[INFO] [1783154591.801558273, 148.966000000]: Updating LinkState: reference_frame is empty/world/map, using inertial frame[0m
[0m[INFO] [1783154591.812522110, 148.974000000]: Updating LinkState: reference_frame is empty/world/map, using inertial frame[0m
[0m[INFO] [1783154591.910231095, 149.054000000]: Updating LinkState: reference_frame is empty/world/map, using inertial frame[0m
[0m[INFO] [1783154591.921095286, 149.060000000]: Updating LinkState: reference_frame is empty/world/map, using inertial frame[0m
[0m[INFO] [1783154592.029400138, 149.140000000]: Updating LinkState: reference_frame is empty/world/map, using inertial frame[0m
[0m[INFO] [1783154592.056257875, 149.148000000]: Updating LinkState: reference_frame is empty/world/map, using inertial frame[0m
[0m[INFO] [1783154592.104591373, 149.192000000]: Updating LinkState: reference_frame is empty/world/map, using inertial frame[0m
[0m[INFO] [1783154592.118661917, 149.206000000]: Updating LinkState: reference_frame is empty/world/map, using inertial frame[0m
[0m[INFO] [1783154592.214149455, 149.284000000]: Updating LinkState: reference_frame is empty/world/map, using inertial frame[0m
[0m[INFO] [1783154592.218943331, 149.288000000]: Updating LinkState: reference_frame is empty/world/map, using inertial frame[0m
[0m[INFO] [1783154592.301407350, 149.372000000]: Updating LinkState: reference_frame is empty/world/map, using inertial frame[0m
[0m[INFO] [1783154592.309035758, 149.378000000]: Updating LinkState: reference_frame is empty/world/map, using inertial frame[0m
[0m[INFO] [1783154592.416057259, 149.466000000]: Updating LinkState: reference_frame is empty/world/map, using inertial frame[0m
[0m[INFO] [1783154592.425542008, 149.474000000]: Updating LinkState: reference_frame is empty/world/map, using inertial frame[0m
[0m[INFO] [1783154592.503613401, 149.548000000]: Updating LinkState: reference_frame is empty/world/map, using inertial frame[0m
[0m[INFO] [1783154592.512965717, 149.558000000]: Updating LinkState: reference_frame is empty/world/map, using inertial frame[0m
[0m[INFO] [1783154592.600752161, 149.638000000]: Updating LinkState: reference_frame is empty/world/map, using inertial frame[0m
[0m[INFO] [1783154592.611227347, 149.648000000]: Updating LinkState: reference_frame is empty/world/map, using inertial frame[0m
[0m[INFO] [1783154592.735630526, 149.736000000]: Updating LinkState: reference_frame is empty/world/map, using inertial frame[0m
[0m[INFO] [1783154592.748937973, 149.744000000]: Updating LinkState: reference_frame is empty/world/map, using inertial frame[0m
[0m[INFO] [1783154592.804462088, 149.794000000]: Updating LinkState: reference_frame is empty/world/map, using inertial frame[0m
[0m[INFO] [1783154592.815058252, 149.806000000]: Updating LinkState: reference_frame is empty/world/map, using inertial frame[0m
[0m[INFO] [1783154592.909095934, 149.890000000]: Updating LinkState: reference_frame is empty/world/map, using inertial frame[0m
[0m[INFO] [1783154592.919603413, 149.898000000]: Updating LinkState: reference_frame is empty/world/map, using inertial frame[0m
[0m[INFO] [1783154593.005705354, 149.980000000]: Updating LinkState: reference_frame is empty/world/map, using inertial frame[0m
[0m[INFO] [1783154593.010939590, 149.984000000]: Updating LinkState: reference_frame is empty/world/map, using inertial frame[0m
[0m[INFO] [1783154593.105042550, 150.072000000]: Updating LinkState: reference_frame is empty/world/map, using inertial frame[0m
[0m[INFO] [1783154593.110322708, 150.078000000]: Updating LinkState: reference_frame is empty/world/map, using inertial frame[0m
[0m[INFO] [1783154593.209898007, 150.160000000]: Updating LinkState: reference_frame is empty/world/map, using inertial frame[0m
[0m[INFO] [1783154593.223984945, 150.174000000]: Updating LinkState: reference_frame is empty/world/map, using inertial frame[0m
[0m[INFO] [1783154593.305621081, 150.248000000]: Updating LinkState: reference_frame is empty/world/map, using inertial frame[0m
[0m[INFO] [1783154593.317776228, 150.256000000]: Updating LinkState: reference_frame is empty/world/map, using inertial frame[0m
[0m[INFO] [1783154593.409631077, 150.334000000]: Updating LinkState: reference_frame is empty/world/map, using inertial frame[0m
[0m[INFO] [1783154593.422099877, 150.346000000]: Updating LinkState: reference_frame is empty/world/map, using inertial frame[0m
[0m[INFO] [1783154593.506666438, 150.420000000]: Updating LinkState: reference_frame is empty/world/map, using inertial frame[0m
[0m[INFO] [1783154593.519981983, 150.428000000]: Updating LinkState: reference_frame is empty/world/map, using inertial frame[0m
[0m[INFO] [1783154593.599153433, 150.502000000]: Updating LinkState: reference_frame is empty/world/map, using inertial frame[0m
[0m[INFO] [1783154593.607182895, 150.510000000]: Updating LinkState: reference_frame is empty/world/map, using inertial frame[0m
[0m[INFO] [1783154593.700521474, 150.602000000]: Updating LinkState: reference_frame is empty/world/map, using inertial frame[0m
[0m[INFO] [1783154593.715413382, 150.612000000]: Updating LinkState: reference_frame is empty/world/map, using inertial frame[0m
[0m[INFO] [1783154593.807744736, 150.698000000]: Updating LinkState: reference_frame is empty/world/map, using inertial frame[0m
[0m[INFO] [1783154593.813732884, 150.702000000]: Updating LinkState: reference_frame is empty/world/map, using inertial frame[0m
[0m[INFO] [1783154593.909117319, 150.786000000]: Updating LinkState: reference_frame is empty/world/map, using inertial frame[0m
[0m[INFO] [1783154593.913904382, 150.790000000]: Updating LinkState: reference_frame is empty/world/map, using inertial frame[0m
[0m[INFO] [1783154593.998582835, 150.874000000]: Updating LinkState: reference_frame is empty/world/map, using inertial frame[0m
[0m[INFO] [1783154594.004243899, 150.878000000]: Updating LinkState: reference_frame is empty/world/map, using inertial frame[0m
[0m[INFO] [1783154594.108091044, 150.974000000]: Updating LinkState: reference_frame is empty/world/map, using inertial frame[0m
[0m[INFO] [1783154594.118981307, 150.984000000]: Updating LinkState: reference_frame is empty/world/map, using inertial frame[0m
[0m[INFO] [1783154594.207445819, 151.060000000]: Updating LinkState: reference_frame is empty/world/map, using inertial frame[0m
[0m[INFO] [1783154594.213796999, 151.064000000]: Updating LinkState: reference_frame is empty/world/map, using inertial frame[0m
[0m[INFO] [1783154594.306500668, 151.148000000]: Updating LinkState: reference_frame is empty/world/map, using inertial frame[0m
[0m[INFO] [1783154594.311059502, 151.154000000]: Updating LinkState: reference_frame is empty/world/map, using inertial frame[0m
[0m[INFO] [1783154594.400976733, 151.242000000]: Updating LinkState: reference_frame is empty/world/map, using inertial frame[0m
[0m[INFO] [1783154594.406602739, 151.246000000]: Updating LinkState: reference_frame is empty/world/map, using inertial frame[0m
[0m[INFO] [1783154594.496698326, 151.336000000]: Updating LinkState: reference_frame is empty/world/map, using inertial frame[0m
[0m[INFO] [1783154594.503901288, 151.342000000]: Updating LinkState: reference_frame is empty/world/map, using inertial frame[0m
[0m[INFO] [1783154594.594691929, 151.434000000]: Updating LinkState: reference_frame is empty/world/map, using inertial frame[0m
[0m[INFO] [1783154594.602160943, 151.438000000]: Updating LinkState: reference_frame is empty/world/map, using inertial frame[0m
[0m[INFO] [1783154594.700689909, 151.536000000]: Updating LinkState: reference_frame is empty/world/map, using inertial frame[0m
[0m[INFO] [1783154594.705189489, 151.540000000]: Updating LinkState: reference_frame is empty/world/map, using inertial frame[0m
[0m[INFO] [1783154594.801189676, 151.634000000]: Updating LinkState: reference_frame is empty/world/map, using inertial frame[0m
[0m[INFO] [1783154594.807018331, 151.638000000]: Updating LinkState: reference_frame is empty/world/map, using inertial frame[0m
[0m[INFO] [1783154594.903950392, 151.730000000]: Updating LinkState: reference_frame is empty/world/map, using inertial frame[0m
[0m[INFO] [1783154594.909875533, 151.736000000]: Updating LinkState: reference_frame is empty/world/map, using inertial frame[0m
[0m[INFO] [1783154595.015414391, 151.826000000]: Updating LinkState: reference_frame is empty/world/map, using inertial frame[0m
[0m[INFO] [1783154595.020068822, 151.830000000]: Updating LinkState: reference_frame is empty/world/map, using inertial frame[0m
[0m[INFO] [1783154595.101395749, 151.910000000]: Updating LinkState: reference_frame is empty/world/map, using inertial frame[0m
[0m[INFO] [1783154595.116914668, 151.924000000]: Updating LinkState: reference_frame is empty/world/map, using inertial frame[0m
[0m[INFO] [1783154595.197857429, 152.004000000]: Updating LinkState: reference_frame is empty/world/map, using inertial frame[0m
[0m[INFO] [1783154595.207140318, 152.012000000]: Updating LinkState: reference_frame is empty/world/map, using inertial frame[0m
[0m[INFO] [1783154595.300011874, 152.098000000]: Updating LinkState: reference_frame is empty/world/map, using inertial frame[0m
[0m[INFO] [1783154595.309288344, 152.106000000]: Updating LinkState: reference_frame is empty/world/map, using inertial frame[0m
[0m[INFO] [1783154595.407128478, 152.196000000]: Updating LinkState: reference_frame is empty/world/map, using inertial frame[0m
[0m[INFO] [1783154595.411605640, 152.200000000]: Updating LinkState: reference_frame is empty/world/map, using inertial frame[0m
[0m[INFO] [1783154595.499774077, 152.286000000]: Updating LinkState: reference_frame is empty/world/map, using inertial frame[0m
[0m[INFO] [1783154595.511875006, 152.298000000]: Updating LinkState: reference_frame is empty/world/map, using inertial frame[0m
[0m[INFO] [1783154595.602665252, 152.382000000]: Updating LinkState: reference_frame is empty/world/map, using inertial frame[0m
[0m[INFO] [1783154595.607738908, 152.386000000]: Updating LinkState: reference_frame is empty/world/map, using inertial frame[0m
[0m[INFO] [1783154595.701510142, 152.480000000]: Updating LinkState: reference_frame is empty/world/map, using inertial frame[0m
[0m[INFO] [1783154595.705784358, 152.482000000]: Updating LinkState: reference_frame is empty/world/map, using inertial frame[0m
[0m[INFO] [1783154595.793516387, 152.570000000]: Updating LinkState: reference_frame is empty/world/map, using inertial frame[0m
[0m[INFO] [1783154595.798786273, 152.576000000]: Updating LinkState: reference_frame is empty/world/map, using inertial frame[0m
[0m[INFO] [1783154595.893787629, 152.670000000]: Updating LinkState: reference_frame is empty/world/map, using inertial frame[0m
[0m[INFO] [1783154595.900400615, 152.678000000]: Updating LinkState: reference_frame is empty/world/map, using inertial frame[0m
[0m[INFO] [1783154595.993179537, 152.770000000]: Updating LinkState: reference_frame is empty/world/map, using inertial frame[0m
[0m[INFO] [1783154596.001014446, 152.778000000]: Updating LinkState: reference_frame is empty/world/map, using inertial frame[0m
[0m[INFO] [1783154596.553018678, 152.878000000]: Updating LinkState: reference_frame is empty/world/map, using inertial frame[0m
[0m[INFO] [1783154596.557850971, 152.882000000]: Updating LinkState: reference_frame is empty/world/map, using inertial frame[0m
[0m[INFO] [1783154596.648319663, 152.972000000]: Updating LinkState: reference_frame is empty/world/map, using inertial frame[0m
[0m[INFO] [1783154596.653791804, 152.976000000]: Updating LinkState: reference_frame is empty/world/map, using inertial frame[0m
[0m[INFO] [1783154596.753117347, 153.070000000]: Updating LinkState: reference_frame is empty/world/map, using inertial frame[0m
[0m[INFO] [1783154596.760055146, 153.078000000]: Updating LinkState: reference_frame is empty/world/map, using inertial frame[0m
[0m[INFO] [1783154596.849031911, 153.164000000]: Updating LinkState: reference_frame is empty/world/map, using inertial frame[0m
[0m[INFO] [1783154596.853503839, 153.168000000]: Updating LinkState: reference_frame is empty/world/map, using inertial frame[0m
[0m[INFO] [1783154596.953662103, 153.260000000]: Updating LinkState: reference_frame is empty/world/map, using inertial frame[0m
[0m[INFO] [1783154596.958948581, 153.266000000]: Updating LinkState: reference_frame is empty/world/map, using inertial frame[0m
[0m[INFO] [1783154597.052676066, 153.352000000]: Updating LinkState: reference_frame is empty/world/map, using inertial frame[0m
[0m[INFO] [1783154597.063745376, 153.360000000]: Updating LinkState: reference_frame is empty/world/map, using inertial frame[0m
[0m[INFO] [1783154597.147508942, 153.442000000]: Updating LinkState: reference_frame is empty/world/map, using inertial frame[0m
[0m[INFO] [1783154597.151629886, 153.446000000]: Updating LinkState: reference_frame is empty/world/map, using inertial frame[0m
[0m[INFO] [1783154597.253246795, 153.540000000]: Updating LinkState: reference_frame is empty/world/map, using inertial frame[0m
[0m[INFO] [1783154597.259574175, 153.548000000]: Updating LinkState: reference_frame is empty/world/map, using inertial frame[0m
[0m[INFO] [1783154597.359654322, 153.632000000]: Updating LinkState: reference_frame is empty/world/map, using inertial frame[0m
[0m[INFO] [1783154597.372542643, 153.640000000]: Updating LinkState: reference_frame is empty/world/map, using inertial frame[0m
[0m[INFO] [1783154597.448226183, 153.714000000]: Updating LinkState: reference_frame is empty/world/map, using inertial frame[0m
[0m[INFO] [1783154597.455554270, 153.720000000]: Updating LinkState: reference_frame is empty/world/map, using inertial frame[0m
[0m[INFO] [1783154597.548337340, 153.812000000]: Updating LinkState: reference_frame is empty/world/map, using inertial frame[0m
[0m[INFO] [1783154597.553924138, 153.816000000]: Updating LinkState: reference_frame is empty/world/map, using inertial frame[0m
[0m[INFO] [1783154597.648465088, 153.908000000]: Updating LinkState: reference_frame is empty/world/map, using inertial frame[0m
[0m[INFO] [1783154597.658446290, 153.916000000]: Updating LinkState: reference_frame is empty/world/map, using inertial frame[0m
[0m[INFO] [1783154597.748837062, 154.004000000]: Updating LinkState: reference_frame is empty/world/map, using inertial frame[0m
[0m[INFO] [1783154597.753559932, 154.008000000]: Updating LinkState: reference_frame is empty/world/map, using inertial frame[0m
[0m[INFO] [1783154597.847263420, 154.100000000]: Updating LinkState: reference_frame is empty/world/map, using inertial frame[0m
[0m[INFO] [1783154597.851603605, 154.102000000]: Updating LinkState: reference_frame is empty/world/map, using inertial frame[0m
[0m[INFO] [1783154597.944742300, 154.196000000]: Updating LinkState: reference_frame is empty/world/map, using inertial frame[0m
[0m[INFO] [1783154597.951720490, 154.202000000]: Updating LinkState: reference_frame is empty/world/map, using inertial frame[0m
[0m[INFO] [1783154598.050041374, 154.296000000]: Updating LinkState: reference_frame is empty/world/map, using inertial frame[0m
[0m[INFO] [1783154598.056159883, 154.302000000]: Updating LinkState: reference_frame is empty/world/map, using inertial frame[0m
[0m[INFO] [1783154598.151581253, 154.394000000]: Updating LinkState: reference_frame is empty/world/map, using inertial frame[0m
[0m[INFO] [1783154598.157582734, 154.400000000]: Updating LinkState: reference_frame is empty/world/map, using inertial frame[0m
[0m[INFO] [1783154598.249896212, 154.488000000]: Updating LinkState: reference_frame is empty/world/map, using inertial frame[0m
[0m[INFO] [1783154598.254427394, 154.492000000]: Updating LinkState: reference_frame is empty/world/map, using inertial frame[0m
[0m[INFO] [1783154598.348284745, 154.584000000]: Updating LinkState: reference_frame is empty/world/map, using inertial frame[0m
[0m[INFO] [1783154598.352903426, 154.588000000]: Updating LinkState: reference_frame is empty/world/map, using inertial frame[0m
[0m[INFO] [1783154598.450119019, 154.682000000]: Updating LinkState: reference_frame is empty/world/map, using inertial frame[0m
[0m[INFO] [1783154598.454227421, 154.684000000]: Updating LinkState: reference_frame is empty/world/map, using inertial frame[0m
[0m[INFO] [1783154598.546728757, 154.776000000]: Updating LinkState: reference_frame is empty/world/map, using inertial frame[0m
[0m[INFO] [1783154598.551737162, 154.782000000]: Updating LinkState: reference_frame is empty/world/map, using inertial frame[0m
[0m[INFO] [1783154598.654970488, 154.876000000]: Updating LinkState: reference_frame is empty/world/map, using inertial frame[0m
[0m[INFO] [1783154598.657900623, 154.880000000]: Updating LinkState: reference_frame is empty/world/map, using inertial frame[0m
[0m[INFO] [1783154598.745930006, 154.966000000]: Updating LinkState: reference_frame is empty/world/map, using inertial frame[0m
[0m[INFO] [1783154598.753846823, 154.974000000]: Updating LinkState: reference_frame is empty/world/map, using inertial frame[0m
[0m[INFO] [1783154598.846939908, 155.066000000]: Updating LinkState: reference_frame is empty/world/map, using inertial frame[0m
[0m[INFO] [1783154598.850856103, 155.070000000]: Updating LinkState: reference_frame is empty/world/map, using inertial frame[0m
[0m[INFO] [1783154598.950226259, 155.168000000]: Updating LinkState: reference_frame is empty/world/map, using inertial frame[0m
[0m[INFO] [1783154598.957763898, 155.174000000]: Updating LinkState: reference_frame is empty/world/map, using inertial frame[0m
[0m[INFO] [1783154599.052041222, 155.262000000]: Updating LinkState: reference_frame is empty/world/map, using inertial frame[0m
[0m[INFO] [1783154599.057261533, 155.264000000]: Updating LinkState: reference_frame is empty/world/map, using inertial frame[0m
[0m[INFO] [1783154599.146012439, 155.352000000]: Updating LinkState: reference_frame is empty/world/map, using inertial frame[0m
[0m[INFO] [1783154599.150026589, 155.356000000]: Updating LinkState: reference_frame is empty/world/map, using inertial frame[0m
[0m[INFO] [1783154599.253630106, 155.452000000]: Updating LinkState: reference_frame is empty/world/map, using inertial frame[0m
[0m[INFO] [1783154599.260857294, 155.458000000]: Updating LinkState: reference_frame is empty/world/map, using inertial frame[0m
[0m[INFO] [1783154599.350112586, 155.546000000]: Updating LinkState: reference_frame is empty/world/map, using inertial frame[0m
[0m[INFO] [1783154599.355264960, 155.550000000]: Updating LinkState: reference_frame is empty/world/map, using inertial frame[0m
[0m[INFO] [1783154599.450149067, 155.642000000]: Updating LinkState: reference_frame is empty/world/map, using inertial frame[0m
[0m[INFO] [1783154599.456996287, 155.648000000]: Updating LinkState: reference_frame is empty/world/map, using inertial frame[0m
[0m[INFO] [1783154599.546553341, 155.736000000]: Updating LinkState: reference_frame is empty/world/map, using inertial frame[0m
[0m[INFO] [1783154599.549902548, 155.740000000]: Updating LinkState: reference_frame is empty/world/map, using inertial frame[0m
[0m[INFO] [1783154599.662815275, 155.840000000]: Updating LinkState: reference_frame is empty/world/map, using inertial frame[0m
[0m[INFO] [1783154599.666421512, 155.844000000]: Updating LinkState: reference_frame is empty/world/map, using inertial frame[0m
[0m[INFO] [1783154599.751665616, 155.922000000]: Updating LinkState: reference_frame is empty/world/map, using inertial frame[0m
[0m[INFO] [1783154599.759640002, 155.928000000]: Updating LinkState: reference_frame is empty/world/map, using inertial frame[0m
[0m[INFO] [1783154599.849697491, 156.014000000]: Updating LinkState: reference_frame is empty/world/map, using inertial frame[0m
[0m[INFO] [1783154599.858687955, 156.022000000]: Updating LinkState: reference_frame is empty/world/map, using inertial frame[0m
[0m[INFO] [1783154599.950519878, 156.106000000]: Updating LinkState: reference_frame is empty/world/map, using inertial frame[0m
[0m[INFO] [1783154599.957784688, 156.114000000]: Updating LinkState: reference_frame is empty/world/map, using inertial frame[0m
[0m[INFO] [1783154600.061720381, 156.210000000]: Updating LinkState: reference_frame is empty/world/map, using inertial frame[0m
[0m[INFO] [1783154600.070119860, 156.218000000]: Updating LinkState: reference_frame is empty/world/map, using inertial frame[0m
[0m[INFO] [1783154600.143161845, 156.292000000]: Updating LinkState: reference_frame is empty/world/map, using inertial frame[0m
[0m[INFO] [1783154600.147235340, 156.296000000]: Updating LinkState: reference_frame is empty/world/map, using inertial frame[0m
[0m[INFO] [1783154600.253463578, 156.400000000]: Updating LinkState: reference_frame is empty/world/map, using inertial frame[0m
[0m[INFO] [1783154600.256428076, 156.402000000]: Updating LinkState: reference_frame is empty/world/map, using inertial frame[0m
[0m[INFO] [1783154600.348258617, 156.492000000]: Updating LinkState: reference_frame is empty/world/map, using inertial frame[0m
[0m[INFO] [1783154600.353441010, 156.498000000]: Updating LinkState: reference_frame is empty/world/map, using inertial frame[0m
[0m[INFO] [1783154600.450811101, 156.590000000]: Updating LinkState: reference_frame is empty/world/map, using inertial frame[0m
[0m[INFO] [1783154600.455501057, 156.594000000]: Updating LinkState: reference_frame is empty/world/map, using inertial frame[0m
[0m[INFO] [1783154600.556403426, 156.688000000]: Updating LinkState: reference_frame is empty/world/map, using inertial frame[0m
[0m[INFO] [1783154600.562700542, 156.690000000]: Updating LinkState: reference_frame is empty/world/map, using inertial frame[0m
[0m[INFO] [1783154600.662482955, 156.782000000]: Updating LinkState: reference_frame is empty/world/map, using inertial frame[0m
[0m[INFO] [1783154600.667239760, 156.786000000]: Updating LinkState: reference_frame is empty/world/map, using inertial frame[0m
[0m[INFO] [1783154600.746077734, 156.864000000]: Updating LinkState: reference_frame is empty/world/map, using inertial frame[0m
[0m[INFO] [1783154600.750200009, 156.870000000]: Updating LinkState: reference_frame is empty/world/map, using inertial frame[0m
[0m[INFO] [1783154600.850827573, 156.966000000]: Updating LinkState: reference_frame is empty/world/map, using inertial frame[0m
[0m[INFO] [1783154600.859845191, 156.970000000]: Updating LinkState: reference_frame is empty/world/map, using inertial frame[0m
[0m[INFO] [1783154600.953702062, 157.056000000]: Updating LinkState: reference_frame is empty/world/map, using inertial frame[0m
[0m[INFO] [1783154600.961228840, 157.062000000]: Updating LinkState: reference_frame is empty/world/map, using inertial frame[0m
[0m[INFO] [1783154601.049362200, 157.146000000]: Updating LinkState: reference_frame is empty/world/map, using inertial frame[0m
[0m[INFO] [1783154601.064726207, 157.158000000]: Updating LinkState: reference_frame is empty/world/map, using inertial frame[0m
[0m[INFO] [1783154601.151957342, 157.242000000]: Updating LinkState: reference_frame is empty/world/map, using inertial frame[0m
[0m[INFO] [1783154601.162803999, 157.248000000]: Updating LinkState: reference_frame is empty/world/map, using inertial frame[0m
[0m[INFO] [1783154601.251719610, 157.338000000]: Updating LinkState: reference_frame is empty/world/map, using inertial frame[0m
[0m[INFO] [1783154601.259914788, 157.344000000]: Updating LinkState: reference_frame is empty/world/map, using inertial frame[0m
[0m[INFO] [1783154601.344346326, 157.428000000]: Updating LinkState: reference_frame is empty/world/map, using inertial frame[0m
[0m[INFO] [1783154601.352176150, 157.436000000]: Updating LinkState: reference_frame is empty/world/map, using inertial frame[0m
[0m[INFO] [1783154601.448795291, 157.530000000]: Updating LinkState: reference_frame is empty/world/map, using inertial frame[0m
[0m[INFO] [1783154601.453745042, 157.534000000]: Updating LinkState: reference_frame is empty/world/map, using inertial frame[0m
[0m[INFO] [1783154601.543374673, 157.624000000]: Updating LinkState: reference_frame is empty/world/map, using inertial frame[0m
[0m[INFO] [1783154601.547395538, 157.628000000]: Updating LinkState: reference_frame is empty/world/map, using inertial frame[0m
[0m[INFO] [1783154601.648308572, 157.724000000]: Updating LinkState: reference_frame is empty/world/map, using inertial frame[0m
[0m[INFO] [1783154601.653860169, 157.730000000]: Updating LinkState: reference_frame is empty/world/map, using inertial frame[0m
[0m[INFO] [1783154601.745610431, 157.820000000]: Updating LinkState: reference_frame is empty/world/map, using inertial frame[0m
[0m[INFO] [1783154601.754613138, 157.828000000]: Updating LinkState: reference_frame is empty/world/map, using inertial frame[0m
[0m[INFO] [1783154601.845514595, 157.920000000]: Updating LinkState: reference_frame is empty/world/map, using inertial frame[0m
[0m[INFO] [1783154601.849349327, 157.924000000]: Updating LinkState: reference_frame is empty/world/map, using inertial frame[0m
[0m[INFO] [1783154601.949583296, 158.020000000]: Updating LinkState: reference_frame is empty/world/map, using inertial frame[0m
[0m[INFO] [1783154601.954961400, 158.026000000]: Updating LinkState: reference_frame is empty/world/map, using inertial frame[0m
[0m[INFO] [1783154602.048350816, 158.120000000]: Updating LinkState: reference_frame is empty/world/map, using inertial frame[0m
[0m[INFO] [1783154602.053327919, 158.124000000]: Updating LinkState: reference_frame is empty/world/map, using inertial frame[0m
[0m[INFO] [1783154602.150637974, 158.216000000]: Updating LinkState: reference_frame is empty/world/map, using inertial frame[0m
[0m[INFO] [1783154602.162427935, 158.228000000]: Updating LinkState: reference_frame is empty/world/map, using inertial frame[0m
[0m[INFO] [1783154602.248904959, 158.308000000]: Updating LinkState: reference_frame is empty/world/map, using inertial frame[0m
[0m[INFO] [1783154602.256451684, 158.314000000]: Updating LinkState: reference_frame is empty/world/map, using inertial frame[0m
[0m[INFO] [1783154602.362896171, 158.404000000]: Updating LinkState: reference_frame is empty/world/map, using inertial frame[0m
[0m[INFO] [1783154602.367325836, 158.408000000]: Updating LinkState: reference_frame is empty/world/map, using inertial frame[0m
[0m[INFO] [1783154602.450738532, 158.484000000]: Updating LinkState: reference_frame is empty/world/map, using inertial frame[0m
[0m[INFO] [1783154602.459821518, 158.492000000]: Updating LinkState: reference_frame is empty/world/map, using inertial frame[0m
[0m[INFO] [1783154602.549100410, 158.578000000]: Updating LinkState: reference_frame is empty/world/map, using inertial frame[0m
[0m[INFO] [1783154602.559296639, 158.584000000]: Updating LinkState: reference_frame is empty/world/map, using inertial frame[0m
[0m[INFO] [1783154602.659476299, 158.668000000]: Updating LinkState: reference_frame is empty/world/map, using inertial frame[0m
[0m[INFO] [1783154602.662998505, 158.672000000]: Updating LinkState: reference_frame is empty/world/map, using inertial frame[0m
[0m[INFO] [1783154602.744599541, 158.754000000]: Updating LinkState: reference_frame is empty/world/map, using inertial frame[0m
[0m[INFO] [1783154602.749858065, 158.758000000]: Updating LinkState: reference_frame is empty/world/map, using inertial frame[0m
[0m[INFO] [1783154602.846354073, 158.854000000]: Updating LinkState: reference_frame is empty/world/map, using inertial frame[0m
[0m[INFO] [1783154602.855129076, 158.860000000]: Updating LinkState: reference_frame is empty/world/map, using inertial frame[0m
[0m[INFO] [1783154602.949551949, 158.952000000]: Updating LinkState: reference_frame is empty/world/map, using inertial frame[0m
[0m[INFO] [1783154602.957415346, 158.964000000]: Updating LinkState: reference_frame is empty/world/map, using inertial frame[0m
[0m[INFO] [1783154603.046817668, 159.052000000]: Updating LinkState: reference_frame is empty/world/map, using inertial frame[0m
[0m[INFO] [1783154603.052396913, 159.058000000]: Updating LinkState: reference_frame is empty/world/map, using inertial frame[0m
[0m[INFO] [1783154603.158757863, 159.162000000]: Updating LinkState: reference_frame is empty/world/map, using inertial frame[0m
[0m[INFO] [1783154603.166907026, 159.168000000]: Updating LinkState: reference_frame is empty/world/map, using inertial frame[0m
[0m[INFO] [1783154603.247612056, 159.246000000]: Updating LinkState: reference_frame is empty/world/map, using inertial frame[0m
[0m[INFO] [1783154603.252087341, 159.252000000]: Updating LinkState: reference_frame is empty/world/map, using inertial frame[0m
[0m[INFO] [1783154603.347618716, 159.346000000]: Updating LinkState: reference_frame is empty/world/map, using inertial frame[0m
[0m[INFO] [1783154603.351288150, 159.350000000]: Updating LinkState: reference_frame is empty/world/map, using inertial frame[0m
[0m[INFO] [1783154603.449474659, 159.446000000]: Updating LinkState: reference_frame is empty/world/map, using inertial frame[0m
[0m[INFO] [1783154603.456273988, 159.452000000]: Updating LinkState: reference_frame is empty/world/map, using inertial frame[0m
[0m[INFO] [1783154603.545916456, 159.542000000]: Updating LinkState: reference_frame is empty/world/map, using inertial frame[0m
[0m[INFO] [1783154603.549250455, 159.546000000]: Updating LinkState: reference_frame is empty/world/map, using inertial frame[0m
[0m[INFO] [1783154603.647790271, 159.642000000]: Updating LinkState: reference_frame is empty/world/map, using inertial frame[0m
[0m[INFO] [1783154603.652408143, 159.648000000]: Updating LinkState: reference_frame is empty/world/map, using inertial frame[0m
[0m[INFO] [1783154603.749443195, 159.742000000]: Updating LinkState: reference_frame is empty/world/map, using inertial frame[0m
[0m[INFO] [1783154603.756800429, 159.748000000]: Updating LinkState: reference_frame is empty/world/map, using inertial frame[0m
[0m[INFO] [1783154603.847227222, 159.838000000]: Updating LinkState: reference_frame is empty/world/map, using inertial frame[0m
[0m[INFO] [1783154603.851949170, 159.844000000]: Updating LinkState: reference_frame is empty/world/map, using inertial frame[0m
[0m[INFO] [1783154603.947989177, 159.934000000]: Updating LinkState: reference_frame is empty/world/map, using inertial frame[0m
[0m[INFO] [1783154603.955186742, 159.942000000]: Updating LinkState: reference_frame is empty/world/map, using inertial frame[0m
[0m[INFO] [1783154604.050087240, 160.034000000]: Updating LinkState: reference_frame is empty/world/map, using inertial frame[0m
[0m[INFO] [1783154604.055160027, 160.040000000]: Updating LinkState: reference_frame is empty/world/map, using inertial frame[0m
[0m[INFO] [1783154604.148945604, 160.128000000]: Updating LinkState: reference_frame is empty/world/map, using inertial frame[0m
[0m[INFO] [1783154604.159553103, 160.138000000]: Updating LinkState: reference_frame is empty/world/map, using inertial frame[0m
[0m[INFO] [1783154604.255106696, 160.230000000]: Updating LinkState: reference_frame is empty/world/map, using inertial frame[0m
[0m[INFO] [1783154604.260999356, 160.236000000]: Updating LinkState: reference_frame is empty/world/map, using inertial frame[0m
[0m[INFO] [1783154604.345576048, 160.320000000]: Updating LinkState: reference_frame is empty/world/map, using inertial frame[0m
[0m[INFO] [1783154604.353830570, 160.328000000]: Updating LinkState: reference_frame is empty/world/map, using inertial frame[0m
[0m[INFO] [1783154604.448163191, 160.416000000]: Updating LinkState: reference_frame is empty/world/map, using inertial frame[0m
[0m[INFO] [1783154604.453696619, 160.426000000]: Updating LinkState: reference_frame is empty/world/map, using inertial frame[0m
[0m[INFO] [1783154604.549705225, 160.520000000]: Updating LinkState: reference_frame is empty/world/map, using inertial frame[0m
[0m[INFO] [1783154604.556405317, 160.524000000]: Updating LinkState: reference_frame is empty/world/map, using inertial frame[0m
[0m[INFO] [1783154604.653694339, 160.614000000]: Updating LinkState: reference_frame is empty/world/map, using inertial frame[0m
[0m[INFO] [1783154604.659247319, 160.620000000]: Updating LinkState: reference_frame is empty/world/map, using inertial frame[0m
[0m[INFO] [1783154604.747002785, 160.706000000]: Updating LinkState: reference_frame is empty/world/map, using inertial frame[0m
[0m[INFO] [1783154604.751848459, 160.710000000]: Updating LinkState: reference_frame is empty/world/map, using inertial frame[0m
[0m[INFO] [1783154604.850151684, 160.806000000]: Updating LinkState: reference_frame is empty/world/map, using inertial frame[0m
[0m[INFO] [1783154604.855056013, 160.810000000]: Updating LinkState: reference_frame is empty/world/map, using inertial frame[0m
[0m[INFO] [1783154604.970521969, 160.902000000]: Updating LinkState: reference_frame is empty/world/map, using inertial frame[0m
[0m[INFO] [1783154604.980160787, 160.912000000]: Updating LinkState: reference_frame is empty/world/map, using inertial frame[0m
[0m[INFO] [1783154605.047358003, 160.978000000]: Updating LinkState: reference_frame is empty/world/map, using inertial frame[0m
[0m[INFO] [1783154605.052953542, 160.984000000]: Updating LinkState: reference_frame is empty/world/map, using inertial frame[0m
[0m[INFO] [1783154605.147181395, 161.078000000]: Updating LinkState: reference_frame is empty/world/map, using inertial frame[0m
[0m[INFO] [1783154605.154808793, 161.084000000]: Updating LinkState: reference_frame is empty/world/map, using inertial frame[0m
[0m[INFO] [1783154605.250816214, 161.176000000]: Updating LinkState: reference_frame is empty/world/map, using inertial frame[0m
[0m[INFO] [1783154605.255700103, 161.180000000]: Updating LinkState: reference_frame is empty/world/map, using inertial frame[0m
[0m[INFO] [1783154605.345356790, 161.270000000]: Updating LinkState: reference_frame is empty/world/map, using inertial frame[0m
[0m[INFO] [1783154605.359513057, 161.282000000]: Updating LinkState: reference_frame is empty/world/map, using inertial frame[0m
[0m[INFO] [1783154605.453302288, 161.370000000]: Updating LinkState: reference_frame is empty/world/map, using inertial frame[0m
[0m[INFO] [1783154605.457689000, 161.374000000]: Updating LinkState: reference_frame is empty/world/map, using inertial frame[0m
[0m[INFO] [1783154605.552045714, 161.464000000]: Updating LinkState: reference_frame is empty/world/map, using inertial frame[0m
[0m[INFO] [1783154605.558277856, 161.470000000]: Updating LinkState: reference_frame is empty/world/map, using inertial frame[0m
[0m[INFO] [1783154605.658630122, 161.562000000]: Updating LinkState: reference_frame is empty/world/map, using inertial frame[0m
[0m[INFO] [1783154605.667383303, 161.566000000]: Updating LinkState: reference_frame is empty/world/map, using inertial frame[0m
[0m[INFO] [1783154605.742882340, 161.644000000]: Updating LinkState: reference_frame is empty/world/map, using inertial frame[0m
[0m[INFO] [1783154605.747569234, 161.648000000]: Updating LinkState: reference_frame is empty/world/map, using inertial frame[0m
[0m[INFO] [1783154605.848335633, 161.746000000]: Updating LinkState: reference_frame is empty/world/map, using inertial frame[0m
[0m[INFO] [1783154605.852850317, 161.750000000]: Updating LinkState: reference_frame is empty/world/map, using inertial frame[0m
[0m[INFO] [1783154605.958066624, 161.846000000]: Updating LinkState: reference_frame is empty/world/map, using inertial frame[0m
[0m[INFO] [1783154605.962445733, 161.850000000]: Updating LinkState: reference_frame is empty/world/map, using inertial frame[0m
[0m[INFO] [1783154606.048538938, 161.934000000]: Updating LinkState: reference_frame is empty/world/map, using inertial frame[0m
[0m[INFO] [1783154606.056852214, 161.942000000]: Updating LinkState: reference_frame is empty/world/map, using inertial frame[0m
[0m[INFO] [1783154606.148286988, 162.030000000]: Updating LinkState: reference_frame is empty/world/map, using inertial frame[0m
[0m[INFO] [1783154606.158539600, 162.042000000]: Updating LinkState: reference_frame is empty/world/map, using inertial frame[0m
[0m[INFO] [1783154606.243965294, 162.126000000]: Updating LinkState: reference_frame is empty/world/map, using inertial frame[0m
[0m[INFO] [1783154606.252205006, 162.134000000]: Updating LinkState: reference_frame is empty/world/map, using inertial frame[0m
[0m[INFO] [1783154606.345466251, 162.226000000]: Updating LinkState: reference_frame is empty/world/map, using inertial frame[0m
[0m[INFO] [1783154606.348978287, 162.230000000]: Updating LinkState: reference_frame is empty/world/map, using inertial frame[0m
[0m[INFO] [1783154606.446186635, 162.326000000]: Updating LinkState: reference_frame is empty/world/map, using inertial frame[0m
[0m[INFO] [1783154606.449845108, 162.330000000]: Updating LinkState: reference_frame is empty/world/map, using inertial frame[0m
[0m[INFO] [1783154606.544232936, 162.424000000]: Updating LinkState: reference_frame is empty/world/map, using inertial frame[0m
[0m[INFO] [1783154606.548331883, 162.428000000]: Updating LinkState: reference_frame is empty/world/map, using inertial frame[0m
[0m[INFO] [1783154606.646332333, 162.522000000]: Updating LinkState: reference_frame is empty/world/map, using inertial frame[0m
[0m[INFO] [1783154606.653552387, 162.530000000]: Updating LinkState: reference_frame is empty/world/map, using inertial frame[0m
[0m[INFO] [1783154606.747869566, 162.620000000]: Updating LinkState: reference_frame is empty/world/map, using inertial frame[0m
[0m[INFO] [1783154606.757658688, 162.632000000]: Updating LinkState: reference_frame is empty/world/map, using inertial frame[0m
[0m[INFO] [1783154606.891393382, 162.720000000]: Updating LinkState: reference_frame is empty/world/map, using inertial frame[0m
[0m[INFO] [1783154606.896734244, 162.722000000]: Updating LinkState: reference_frame is empty/world/map, using inertial frame[0m
[0m[INFO] [1783154606.943657812, 162.770000000]: Updating LinkState: reference_frame is empty/world/map, using inertial frame[0m
[0m[INFO] [1783154606.950150630, 162.774000000]: Updating LinkState: reference_frame is empty/world/map, using inertial frame[0m
[0m[INFO] [1783154607.046494178, 162.870000000]: Updating LinkState: reference_frame is empty/world/map, using inertial frame[0m
[0m[INFO] [1783154607.050203012, 162.874000000]: Updating LinkState: reference_frame is empty/world/map, using inertial frame[0m
[0m[INFO] [1783154607.145380053, 162.970000000]: Updating LinkState: reference_frame is empty/world/map, using inertial frame[0m
[0m[INFO] [1783154607.149416571, 162.972000000]: Updating LinkState: reference_frame is empty/world/map, using inertial frame[0m
[0m[INFO] [1783154607.245390946, 163.068000000]: Updating LinkState: reference_frame is empty/world/map, using inertial frame[0m
[0m[INFO] [1783154607.249245188, 163.072000000]: Updating LinkState: reference_frame is empty/world/map, using inertial frame[0m
[0m[INFO] [1783154607.344693873, 163.166000000]: Updating LinkState: reference_frame is empty/world/map, using inertial frame[0m
[0m[INFO] [1783154607.348556767, 163.170000000]: Updating LinkState: reference_frame is empty/world/map, using inertial frame[0m
[0m[INFO] [1783154607.445594419, 163.268000000]: Updating LinkState: reference_frame is empty/world/map, using inertial frame[0m
[0m[INFO] [1783154607.449634770, 163.272000000]: Updating LinkState: reference_frame is empty/world/map, using inertial frame[0m
[0m[INFO] [1783154607.546569781, 163.368000000]: Updating LinkState: reference_frame is empty/world/map, using inertial frame[0m
[0m[INFO] [1783154607.552153874, 163.372000000]: Updating LinkState: reference_frame is empty/world/map, using inertial frame[0m
[0m[INFO] [1783154607.649013675, 163.466000000]: Updating LinkState: reference_frame is empty/world/map, using inertial frame[0m
[0m[INFO] [1783154607.657959550, 163.472000000]: Updating LinkState: reference_frame is empty/world/map, using inertial frame[0m
[0m[INFO] [1783154607.750122746, 163.560000000]: Updating LinkState: reference_frame is empty/world/map, using inertial frame[0m
[0m[INFO] [1783154607.755308565, 163.566000000]: Updating LinkState: reference_frame is empty/world/map, using inertial frame[0m
[0m[INFO] [1783154607.850666899, 163.656000000]: Updating LinkState: reference_frame is empty/world/map, using inertial frame[0m
[0m[INFO] [1783154607.855695513, 163.662000000]: Updating LinkState: reference_frame is empty/world/map, using inertial frame[0m
[0m[INFO] [1783154607.945820542, 163.750000000]: Updating LinkState: reference_frame is empty/world/map, using inertial frame[0m
[0m[INFO] [1783154607.954544913, 163.760000000]: Updating LinkState: reference_frame is empty/world/map, using inertial frame[0m
[0m[INFO] [1783154608.052048971, 163.852000000]: Updating LinkState: reference_frame is empty/world/map, using inertial frame[0m
[0m[INFO] [1783154608.056426740, 163.858000000]: Updating LinkState: reference_frame is empty/world/map, using inertial frame[0m
[0m[INFO] [1783154608.146083494, 163.948000000]: Updating LinkState: reference_frame is empty/world/map, using inertial frame[0m
[0m[INFO] [1783154608.150430097, 163.952000000]: Updating LinkState: reference_frame is empty/world/map, using inertial frame[0m
[0m[INFO] [1783154608.248564649, 164.046000000]: Updating LinkState: reference_frame is empty/world/map, using inertial frame[0m
[0m[INFO] [1783154608.253863531, 164.050000000]: Updating LinkState: reference_frame is empty/world/map, using inertial frame[0m
[0m[INFO] [1783154608.353054870, 164.148000000]: Updating LinkState: reference_frame is empty/world/map, using inertial frame[0m
[0m[INFO] [1783154608.362585522, 164.158000000]: Updating LinkState: reference_frame is empty/world/map, using inertial frame[0m
[0m[INFO] [1783154608.449853322, 164.244000000]: Updating LinkState: reference_frame is empty/world/map, using inertial frame[0m
[0m[INFO] [1783154608.456496267, 164.250000000]: Updating LinkState: reference_frame is empty/world/map, using inertial frame[0m
[0m[INFO] [1783154608.546344343, 164.340000000]: Updating LinkState: reference_frame is empty/world/map, using inertial frame[0m
[0m[INFO] [1783154608.552776992, 164.344000000]: Updating LinkState: reference_frame is empty/world/map, using inertial frame[0m
[0m[INFO] [1783154608.646348354, 164.436000000]: Updating LinkState: reference_frame is empty/world/map, using inertial frame[0m
[0m[INFO] [1783154608.652298965, 164.442000000]: Updating LinkState: reference_frame is empty/world/map, using inertial frame[0m
[0m[INFO] [1783154608.748445293, 164.538000000]: Updating LinkState: reference_frame is empty/world/map, using inertial frame[0m
[0m[INFO] [1783154608.752185686, 164.542000000]: Updating LinkState: reference_frame is empty/world/map, using inertial frame[0m
[0m[INFO] [1783154608.850762164, 164.636000000]: Updating LinkState: reference_frame is empty/world/map, using inertial frame[0m
[0m[INFO] [1783154608.855929697, 164.640000000]: Updating LinkState: reference_frame is empty/world/map, using inertial frame[0m
[0m[INFO] [1783154608.962521891, 164.734000000]: Updating LinkState: reference_frame is empty/world/map, using inertial frame[0m
[0m[INFO] [1783154608.966305346, 164.736000000]: Updating LinkState: reference_frame is empty/world/map, using inertial frame[0m
[0m[INFO] [1783154609.050000183, 164.818000000]: Updating LinkState: reference_frame is empty/world/map, using inertial frame[0m
[0m[INFO] [1783154609.054550789, 164.822000000]: Updating LinkState: reference_frame is empty/world/map, using inertial frame[0m
[0m[INFO] [1783154609.151463876, 164.916000000]: Updating LinkState: reference_frame is empty/world/map, using inertial frame[0m
[0m[INFO] [1783154609.155798681, 164.920000000]: Updating LinkState: reference_frame is empty/world/map, using inertial frame[0m
[0m[INFO] [1783154609.254822787, 165.010000000]: Updating LinkState: reference_frame is empty/world/map, using inertial frame[0m
[0m[INFO] [1783154609.259336918, 165.014000000]: Updating LinkState: reference_frame is empty/world/map, using inertial frame[0m
[0m[INFO] [1783154609.354059548, 165.098000000]: Updating LinkState: reference_frame is empty/world/map, using inertial frame[0m
[0m[INFO] [1783154609.357429588, 165.100000000]: Updating LinkState: reference_frame is empty/world/map, using inertial frame[0m
[0m[INFO] [1783154609.461669204, 165.186000000]: Updating LinkState: reference_frame is empty/world/map, using inertial frame[0m
[0m[INFO] [1783154609.465699626, 165.190000000]: Updating LinkState: reference_frame is empty/world/map, using inertial frame[0m
[0m[INFO] [1783154609.553987738, 165.270000000]: Updating LinkState: reference_frame is empty/world/map, using inertial frame[0m
[0m[INFO] [1783154609.558634300, 165.274000000]: Updating LinkState: reference_frame is empty/world/map, using inertial frame[0m
[0m[INFO] [1783154609.653995387, 165.364000000]: Updating LinkState: reference_frame is empty/world/map, using inertial frame[0m
[0m[INFO] [1783154609.656325255, 165.366000000]: Updating LinkState: reference_frame is empty/world/map, using inertial frame[0m
[0m[INFO] [1783154609.750767589, 165.458000000]: Updating LinkState: reference_frame is empty/world/map, using inertial frame[0m
[0m[INFO] [1783154609.754190621, 165.460000000]: Updating LinkState: reference_frame is empty/world/map, using inertial frame[0m
[0m[INFO] [1783154609.852162756, 165.558000000]: Updating LinkState: reference_frame is empty/world/map, using inertial frame[0m
[0m[INFO] [1783154609.864004400, 165.566000000]: Updating LinkState: reference_frame is empty/world/map, using inertial frame[0m
[0m[INFO] [1783154609.952650870, 165.650000000]: Updating LinkState: reference_frame is empty/world/map, using inertial frame[0m
[0m[INFO] [1783154609.960397892, 165.656000000]: Updating LinkState: reference_frame is empty/world/map, using inertial frame[0m
[0m[INFO] [1783154610.061614618, 165.740000000]: Updating LinkState: reference_frame is empty/world/map, using inertial frame[0m
[0m[INFO] [1783154610.064892931, 165.744000000]: Updating LinkState: reference_frame is empty/world/map, using inertial frame[0m
[0m[INFO] [1783154610.152659285, 165.824000000]: Updating LinkState: reference_frame is empty/world/map, using inertial frame[0m
[0m[INFO] [1783154610.157903405, 165.830000000]: Updating LinkState: reference_frame is empty/world/map, using inertial frame[0m
[0m[INFO] [1783154610.295849322, 165.922000000]: Updating LinkState: reference_frame is empty/world/map, using inertial frame[0m
[0m[INFO] [1783154610.302428166, 165.926000000]: Updating LinkState: reference_frame is empty/world/map, using inertial frame[0m
[0m[INFO] [1783154610.345356017, 165.968000000]: Updating LinkState: reference_frame is empty/world/map, using inertial frame[0m
[0m[INFO] [1783154610.351484775, 165.976000000]: Updating LinkState: reference_frame is empty/world/map, using inertial frame[0m
[0m[INFO] [1783154610.456371107, 166.072000000]: Updating LinkState: reference_frame is empty/world/map, using inertial frame[0m
[0m[INFO] [1783154610.465680354, 166.080000000]: Updating LinkState: reference_frame is empty/world/map, using inertial frame[0m
[0m[INFO] [1783154610.557375276, 166.160000000]: Updating LinkState: reference_frame is empty/world/map, using inertial frame[0m
[0m[INFO] [1783154610.564491018, 166.168000000]: Updating LinkState: reference_frame is empty/world/map, using inertial frame[0m
[0m[INFO] [1783154610.655782455, 166.250000000]: Updating LinkState: reference_frame is empty/world/map, using inertial frame[0m
[0m[INFO] [1783154610.659579478, 166.254000000]: Updating LinkState: reference_frame is empty/world/map, using inertial frame[0m
[0m[INFO] [1783154610.753683313, 166.342000000]: Updating LinkState: reference_frame is empty/world/map, using inertial frame[0m
[0m[INFO] [1783154610.757920294, 166.346000000]: Updating LinkState: reference_frame is empty/world/map, using inertial frame[0m
[0m[INFO] [1783154610.849214583, 166.436000000]: Updating LinkState: reference_frame is empty/world/map, using inertial frame[0m
[0m[INFO] [1783154610.852669272, 166.440000000]: Updating LinkState: reference_frame is empty/world/map, using inertial frame[0m
[0m[INFO] [1783154610.948686317, 166.532000000]: Updating LinkState: reference_frame is empty/world/map, using inertial frame[0m
[0m[INFO] [1783154610.956223928, 166.542000000]: Updating LinkState: reference_frame is empty/world/map, using inertial frame[0m
[0m[INFO] [1783154611.053136229, 166.638000000]: Updating LinkState: reference_frame is empty/world/map, using inertial frame[0m
[0m[INFO] [1783154611.058552302, 166.642000000]: Updating LinkState: reference_frame is empty/world/map, using inertial frame[0m
[0m[INFO] [1783154611.148779381, 166.732000000]: Updating LinkState: reference_frame is empty/world/map, using inertial frame[0m
[0m[INFO] [1783154611.152147455, 166.736000000]: Updating LinkState: reference_frame is empty/world/map, using inertial frame[0m
[0m[INFO] [1783154611.249179503, 166.828000000]: Updating LinkState: reference_frame is empty/world/map, using inertial frame[0m
[0m[INFO] [1783154611.255104848, 166.834000000]: Updating LinkState: reference_frame is empty/world/map, using inertial frame[0m
[0m[INFO] [1783154611.348145603, 166.926000000]: Updating LinkState: reference_frame is empty/world/map, using inertial frame[0m
[0m[INFO] [1783154611.354221664, 166.932000000]: Updating LinkState: reference_frame is empty/world/map, using inertial frame[0m
[0m[INFO] [1783154611.446813514, 167.022000000]: Updating LinkState: reference_frame is empty/world/map, using inertial frame[0m
[0m[INFO] [1783154611.455257786, 167.028000000]: Updating LinkState: reference_frame is empty/world/map, using inertial frame[0m
[0m[INFO] [1783154611.546071413, 167.118000000]: Updating LinkState: reference_frame is empty/world/map, using inertial frame[0m
[0m[INFO] [1783154611.556063555, 167.126000000]: Updating LinkState: reference_frame is empty/world/map, using inertial frame[0m
[0m[INFO] [1783154611.684158313, 167.222000000]: Updating LinkState: reference_frame is empty/world/map, using inertial frame[0m
[0m[INFO] [1783154611.701857169, 167.238000000]: Updating LinkState: reference_frame is empty/world/map, using inertial frame[0m
[0m[INFO] [1783154611.759092796, 167.282000000]: Updating LinkState: reference_frame is empty/world/map, using inertial frame[0m
[0m[INFO] [1783154611.776032365, 167.294000000]: Updating LinkState: reference_frame is empty/world/map, using inertial frame[0m
[0m[INFO] [1783154611.842076423, 167.362000000]: Updating LinkState: reference_frame is empty/world/map, using inertial frame[0m
[0m[INFO] [1783154611.848451067, 167.368000000]: Updating LinkState: reference_frame is empty/world/map, using inertial frame[0m
[0m[INFO] [1783154611.946247808, 167.464000000]: Updating LinkState: reference_frame is empty/world/map, using inertial frame[0m
[0m[INFO] [1783154611.951711957, 167.470000000]: Updating LinkState: reference_frame is empty/world/map, using inertial frame[0m
[0m[INFO] [1783154612.049274021, 167.564000000]: Updating LinkState: reference_frame is empty/world/map, using inertial frame[0m
[0m[INFO] [1783154612.059398791, 167.572000000]: Updating LinkState: reference_frame is empty/world/map, using inertial frame[0m
[0m[INFO] [1783154612.152054742, 167.662000000]: Updating LinkState: reference_frame is empty/world/map, using inertial frame[0m
[0m[INFO] [1783154612.159421875, 167.668000000]: Updating LinkState: reference_frame is empty/world/map, using inertial frame[0m
[0m[INFO] [1783154612.257735950, 167.756000000]: Updating LinkState: reference_frame is empty/world/map, using inertial frame[0m
[0m[INFO] [1783154612.278247695, 167.768000000]: Updating LinkState: reference_frame is empty/world/map, using inertial frame[0m
[0m[INFO] [1783154612.354378376, 167.836000000]: Updating LinkState: reference_frame is empty/world/map, using inertial frame[0m
[0m[INFO] [1783154612.367979562, 167.848000000]: Updating LinkState: reference_frame is empty/world/map, using inertial frame[0m
[0m[INFO] [1783154612.461214982, 167.934000000]: Updating LinkState: reference_frame is empty/world/map, using inertial frame[0m
[0m[INFO] [1783154612.470994862, 167.942000000]: Updating LinkState: reference_frame is empty/world/map, using inertial frame[0m
[0m[INFO] [1783154612.554359263, 168.022000000]: Updating LinkState: reference_frame is empty/world/map, using inertial frame[0m
[0m[INFO] [1783154612.558912327, 168.026000000]: Updating LinkState: reference_frame is empty/world/map, using inertial frame[0m
[0m[INFO] [1783154612.654546435, 168.118000000]: Updating LinkState: reference_frame is empty/world/map, using inertial frame[0m
[0m[INFO] [1783154612.659607001, 168.122000000]: Updating LinkState: reference_frame is empty/world/map, using inertial frame[0m
[0m[INFO] [1783154612.748403893, 168.208000000]: Updating LinkState: reference_frame is empty/world/map, using inertial frame[0m
[0m[INFO] [1783154612.753620878, 168.214000000]: Updating LinkState: reference_frame is empty/world/map, using inertial frame[0m
[0m[INFO] [1783154612.853758892, 168.306000000]: Updating LinkState: reference_frame is empty/world/map, using inertial frame[0m
[0m[INFO] [1783154612.857747530, 168.310000000]: Updating LinkState: reference_frame is empty/world/map, using inertial frame[0m
[0m[INFO] [1783154612.951808795, 168.400000000]: Updating LinkState: reference_frame is empty/world/map, using inertial frame[0m
[0m[INFO] [1783154612.955512811, 168.404000000]: Updating LinkState: reference_frame is empty/world/map, using inertial frame[0m
[0m[INFO] [1783154613.052051220, 168.494000000]: Updating LinkState: reference_frame is empty/world/map, using inertial frame[0m
[0m[INFO] [1783154613.057532967, 168.500000000]: Updating LinkState: reference_frame is empty/world/map, using inertial frame[0m
[0m[INFO] [1783154613.144903506, 168.588000000]: Updating LinkState: reference_frame is empty/world/map, using inertial frame[0m
[0m[INFO] [1783154613.147758572, 168.590000000]: Updating LinkState: reference_frame is empty/world/map, using inertial frame[0m
[0m[INFO] [1783154613.243089378, 168.686000000]: Updating LinkState: reference_frame is empty/world/map, using inertial frame[0m
[0m[INFO] [1783154613.252063371, 168.694000000]: Updating LinkState: reference_frame is empty/world/map, using inertial frame[0m
[0m[INFO] [1783154613.345168425, 168.786000000]: Updating LinkState: reference_frame is empty/world/map, using inertial frame[0m
[0m[INFO] [1783154613.349187638, 168.790000000]: Updating LinkState: reference_frame is empty/world/map, using inertial frame[0m
[0m[INFO] [1783154613.447152204, 168.886000000]: Updating LinkState: reference_frame is empty/world/map, using inertial frame[0m
[0m[INFO] [1783154613.451796209, 168.890000000]: Updating LinkState: reference_frame is empty/world/map, using inertial frame[0m
[0m[INFO] [1783154613.546938447, 168.984000000]: Updating LinkState: reference_frame is empty/world/map, using inertial frame[0m
[0m[INFO] [1783154613.556254675, 168.994000000]: Updating LinkState: reference_frame is empty/world/map, using inertial frame[0m
[0m[INFO] [1783154613.652935050, 169.086000000]: Updating LinkState: reference_frame is empty/world/map, using inertial frame[0m
[0m[INFO] [1783154613.667575721, 169.098000000]: Updating LinkState: reference_frame is empty/world/map, using inertial frame[0m
[0m[INFO] [1783154622.856773722, 178.040000000]: Updating LinkState: reference_frame is empty/world/map, using inertial frame[0m
[0m[INFO] [1783154622.861197099, 178.044000000]: Updating LinkState: reference_frame is empty/world/map, using inertial frame[0m
[0m[INFO] [1783154622.960770154, 178.142000000]: Updating LinkState: reference_frame is empty/world/map, using inertial frame[0m
[0m[INFO] [1783154622.969039149, 178.150000000]: Updating LinkState: reference_frame is empty/world/map, using inertial frame[0m
[0m[INFO] [1783154623.063246612, 178.238000000]: Updating LinkState: reference_frame is empty/world/map, using inertial frame[0m
[0m[INFO] [1783154623.074356064, 178.246000000]: Updating LinkState: reference_frame is empty/world/map, using inertial frame[0m
[0m[INFO] [1783154623.180568724, 178.328000000]: Updating LinkState: reference_frame is empty/world/map, using inertial frame[0m
[0m[INFO] [1783154623.183137270, 178.332000000]: Updating LinkState: reference_frame is empty/world/map, using inertial frame[0m
[0m[INFO] [1783154623.263230850, 178.410000000]: Updating LinkState: reference_frame is empty/world/map, using inertial frame[0m
[0m[INFO] [1783154623.266401032, 178.412000000]: Updating LinkState: reference_frame is empty/world/map, using inertial frame[0m
[0m[INFO] [1783154623.364401625, 178.510000000]: Updating LinkState: reference_frame is empty/world/map, using inertial frame[0m
[0m[INFO] [1783154623.367814711, 178.514000000]: Updating LinkState: reference_frame is empty/world/map, using inertial frame[0m
[0m[INFO] [1783154623.459880042, 178.606000000]: Updating LinkState: reference_frame is empty/world/map, using inertial frame[0m
[0m[INFO] [1783154623.463044995, 178.608000000]: Updating LinkState: reference_frame is empty/world/map, using inertial frame[0m
[0m[INFO] [1783154623.557208357, 178.702000000]: Updating LinkState: reference_frame is empty/world/map, using inertial frame[0m
[0m[INFO] [1783154623.560664361, 178.706000000]: Updating LinkState: reference_frame is empty/world/map, using inertial frame[0m
[0m[INFO] [1783154623.656198028, 178.800000000]: Updating LinkState: reference_frame is empty/world/map, using inertial frame[0m
[0m[INFO] [1783154623.661140462, 178.806000000]: Updating LinkState: reference_frame is empty/world/map, using inertial frame[0m
[0m[INFO] [1783154623.767165370, 178.904000000]: Updating LinkState: reference_frame is empty/world/map, using inertial frame[0m
[0m[INFO] [1783154623.770628182, 178.908000000]: Updating LinkState: reference_frame is empty/world/map, using inertial frame[0m
[0m[INFO] [1783154623.858942807, 178.994000000]: Updating LinkState: reference_frame is empty/world/map, using inertial frame[0m
[0m[INFO] [1783154623.862290876, 178.998000000]: Updating LinkState: reference_frame is empty/world/map, using inertial frame[0m
[0m[INFO] [1783154623.963831927, 179.094000000]: Updating LinkState: reference_frame is empty/world/map, using inertial frame[0m
[0m[INFO] [1783154623.966724378, 179.096000000]: Updating LinkState: reference_frame is empty/world/map, using inertial frame[0m
[0m[INFO] [1783154624.064100741, 179.186000000]: Updating LinkState: reference_frame is empty/world/map, using inertial frame[0m
[0m[INFO] [1783154624.068561511, 179.190000000]: Updating LinkState: reference_frame is empty/world/map, using inertial frame[0m
[0m[INFO] [1783154624.160215128, 179.280000000]: Updating LinkState: reference_frame is empty/world/map, using inertial frame[0m
[0m[INFO] [1783154624.164763509, 179.282000000]: Updating LinkState: reference_frame is empty/world/map, using inertial frame[0m
[0m[INFO] [1783154624.255177744, 179.372000000]: Updating LinkState: reference_frame is empty/world/map, using inertial frame[0m
[0m[INFO] [1783154624.263090967, 179.380000000]: Updating LinkState: reference_frame is empty/world/map, using inertial frame[0m
[0m[INFO] [1783154624.364770242, 179.476000000]: Updating LinkState: reference_frame is empty/world/map, using inertial frame[0m
[0m[INFO] [1783154624.367390092, 179.478000000]: Updating LinkState: reference_frame is empty/world/map, using inertial frame[0m
[0m[INFO] [1783154624.465792926, 179.570000000]: Updating LinkState: reference_frame is empty/world/map, using inertial frame[0m
[0m[INFO] [1783154624.469813273, 179.574000000]: Updating LinkState: reference_frame is empty/world/map, using inertial frame[0m
[0m[INFO] [1783154624.560534640, 179.664000000]: Updating LinkState: reference_frame is empty/world/map, using inertial frame[0m
[0m[INFO] [1783154624.564158171, 179.666000000]: Updating LinkState: reference_frame is empty/world/map, using inertial frame[0m
[0m[INFO] [1783154624.656106785, 179.758000000]: Updating LinkState: reference_frame is empty/world/map, using inertial frame[0m
[0m[INFO] [1783154624.659260195, 179.762000000]: Updating LinkState: reference_frame is empty/world/map, using inertial frame[0m
[0m[INFO] [1783154624.756554867, 179.858000000]: Updating LinkState: reference_frame is empty/world/map, using inertial frame[0m
[0m[INFO] [1783154624.763636276, 179.864000000]: Updating LinkState: reference_frame is empty/world/map, using inertial frame[0m
[0m[INFO] [1783154624.855035742, 179.956000000]: Updating LinkState: reference_frame is empty/world/map, using inertial frame[0m
[0m[INFO] [1783154624.857313830, 179.958000000]: Updating LinkState: reference_frame is empty/world/map, using inertial frame[0m
[0m[INFO] [1783154624.954629615, 180.056000000]: Updating LinkState: reference_frame is empty/world/map, using inertial frame[0m
[0m[INFO] [1783154624.958443463, 180.060000000]: Updating LinkState: reference_frame is empty/world/map, using inertial frame[0m
[0m[INFO] [1783154625.058330459, 180.160000000]: Updating LinkState: reference_frame is empty/world/map, using inertial frame[0m
[0m[INFO] [1783154625.063034922, 180.164000000]: Updating LinkState: reference_frame is empty/world/map, using inertial frame[0m
[0m[INFO] [1783154625.155546004, 180.256000000]: Updating LinkState: reference_frame is empty/world/map, using inertial frame[0m
[0m[INFO] [1783154625.159357090, 180.260000000]: Updating LinkState: reference_frame is empty/world/map, using inertial frame[0m
[0m[INFO] [1783154625.258816882, 180.358000000]: Updating LinkState: reference_frame is empty/world/map, using inertial frame[0m
[0m[INFO] [1783154625.262475240, 180.362000000]: Updating LinkState: reference_frame is empty/world/map, using inertial frame[0m
[0m[INFO] [1783154625.362060332, 180.460000000]: Updating LinkState: reference_frame is empty/world/map, using inertial frame[0m
[0m[INFO] [1783154625.365452897, 180.464000000]: Updating LinkState: reference_frame is empty/world/map, using inertial frame[0m
[0m[INFO] [1783154625.456447358, 180.554000000]: Updating LinkState: reference_frame is empty/world/map, using inertial frame[0m
[0m[INFO] [1783154625.464935283, 180.562000000]: Updating LinkState: reference_frame is empty/world/map, using inertial frame[0m
[0m[INFO] [1783154625.559672359, 180.656000000]: Updating LinkState: reference_frame is empty/world/map, using inertial frame[0m
[0m[INFO] [1783154625.565152793, 180.662000000]: Updating LinkState: reference_frame is empty/world/map, using inertial frame[0m
[0m[INFO] [1783154625.658749050, 180.756000000]: Updating LinkState: reference_frame is empty/world/map, using inertial frame[0m
[0m[INFO] [1783154625.663704409, 180.760000000]: Updating LinkState: reference_frame is empty/world/map, using inertial frame[0m
[0m[INFO] [1783154625.756719353, 180.854000000]: Updating LinkState: reference_frame is empty/world/map, using inertial frame[0m
[0m[INFO] [1783154625.760502321, 180.856000000]: Updating LinkState: reference_frame is empty/world/map, using inertial frame[0m
[0m[INFO] [1783154625.856856060, 180.952000000]: Updating LinkState: reference_frame is empty/world/map, using inertial frame[0m
[0m[INFO] [1783154625.861314462, 180.958000000]: Updating LinkState: reference_frame is empty/world/map, using inertial frame[0m
[0m[INFO] [1783154625.957197489, 181.054000000]: Updating LinkState: reference_frame is empty/world/map, using inertial frame[0m
[0m[INFO] [1783154625.960518426, 181.056000000]: Updating LinkState: reference_frame is empty/world/map, using inertial frame[0m
[0m[INFO] [1783154626.054828793, 181.150000000]: Updating LinkState: reference_frame is empty/world/map, using inertial frame[0m
[0m[INFO] [1783154626.058077904, 181.154000000]: Updating LinkState: reference_frame is empty/world/map, using inertial frame[0m
[0m[INFO] [1783154626.160801311, 181.254000000]: Updating LinkState: reference_frame is empty/world/map, using inertial frame[0m
[0m[INFO] [1783154626.173125776, 181.260000000]: Updating LinkState: reference_frame is empty/world/map, using inertial frame[0m
[0m[INFO] [1783154626.262495188, 181.344000000]: Updating LinkState: reference_frame is empty/world/map, using inertial frame[0m
[0m[INFO] [1783154626.269473398, 181.350000000]: Updating LinkState: reference_frame is empty/world/map, using inertial frame[0m
[0m[INFO] [1783154626.359362163, 181.440000000]: Updating LinkState: reference_frame is empty/world/map, using inertial frame[0m
[0m[INFO] [1783154626.366079612, 181.446000000]: Updating LinkState: reference_frame is empty/world/map, using inertial frame[0m
[0m[INFO] [1783154626.456867772, 181.538000000]: Updating LinkState: reference_frame is empty/world/map, using inertial frame[0m
[0m[INFO] [1783154626.464361783, 181.544000000]: Updating LinkState: reference_frame is empty/world/map, using inertial frame[0m
[0m[INFO] [1783154626.558043481, 181.638000000]: Updating LinkState: reference_frame is empty/world/map, using inertial frame[0m
[0m[INFO] [1783154626.562975753, 181.642000000]: Updating LinkState: reference_frame is empty/world/map, using inertial frame[0m
[0m[INFO] [1783154626.660063038, 181.738000000]: Updating LinkState: reference_frame is empty/world/map, using inertial frame[0m
[0m[INFO] [1783154626.663067075, 181.740000000]: Updating LinkState: reference_frame is empty/world/map, using inertial frame[0m
[0m[INFO] [1783154626.781524975, 181.836000000]: Updating LinkState: reference_frame is empty/world/map, using inertial frame[0m
[0m[INFO] [1783154626.791384191, 181.844000000]: Updating LinkState: reference_frame is empty/world/map, using inertial frame[0m
[0m[INFO] [1783154626.857878307, 181.910000000]: Updating LinkState: reference_frame is empty/world/map, using inertial frame[0m
[0m[INFO] [1783154626.862775949, 181.916000000]: Updating LinkState: reference_frame is empty/world/map, using inertial frame[0m
[0m[INFO] [1783154626.961429778, 182.012000000]: Updating LinkState: reference_frame is empty/world/map, using inertial frame[0m
[0m[INFO] [1783154626.965582626, 182.016000000]: Updating LinkState: reference_frame is empty/world/map, using inertial frame[0m
[0m[INFO] [1783154627.056064642, 182.106000000]: Updating LinkState: reference_frame is empty/world/map, using inertial frame[0m
[0m[INFO] [1783154627.059937095, 182.110000000]: Updating LinkState: reference_frame is empty/world/map, using inertial frame[0m
[0m[INFO] [1783154627.158918972, 182.208000000]: Updating LinkState: reference_frame is empty/world/map, using inertial frame[0m
[0m[INFO] [1783154627.167191617, 182.214000000]: Updating LinkState: reference_frame is empty/world/map, using inertial frame[0m
[0m[INFO] [1783154627.257864443, 182.304000000]: Updating LinkState: reference_frame is empty/world/map, using inertial frame[0m
[0m[INFO] [1783154627.261185281, 182.306000000]: Updating LinkState: reference_frame is empty/world/map, using inertial frame[0m
[0m[INFO] [1783154627.356948336, 182.402000000]: Updating LinkState: reference_frame is empty/world/map, using inertial frame[0m
[0m[INFO] [1783154627.360187088, 182.406000000]: Updating LinkState: reference_frame is empty/world/map, using inertial frame[0m
[0m[INFO] [1783154627.460580807, 182.502000000]: Updating LinkState: reference_frame is empty/world/map, using inertial frame[0m
[0m[INFO] [1783154627.464308525, 182.506000000]: Updating LinkState: reference_frame is empty/world/map, using inertial frame[0m
[0m[INFO] [1783154627.555299040, 182.596000000]: Updating LinkState: reference_frame is empty/world/map, using inertial frame[0m
[0m[INFO] [1783154627.558492802, 182.600000000]: Updating LinkState: reference_frame is empty/world/map, using inertial frame[0m
[0m[INFO] [1783154627.657241247, 182.696000000]: Updating LinkState: reference_frame is empty/world/map, using inertial frame[0m
[0m[INFO] [1783154627.662064597, 182.702000000]: Updating LinkState: reference_frame is empty/world/map, using inertial frame[0m
[0m[INFO] [1783154627.757264888, 182.796000000]: Updating LinkState: reference_frame is empty/world/map, using inertial frame[0m
[0m[INFO] [1783154627.764677405, 182.804000000]: Updating LinkState: reference_frame is empty/world/map, using inertial frame[0m
[0m[INFO] [1783154627.856612996, 182.894000000]: Updating LinkState: reference_frame is empty/world/map, using inertial frame[0m
[0m[INFO] [1783154627.865149757, 182.904000000]: Updating LinkState: reference_frame is empty/world/map, using inertial frame[0m
[0m[INFO] [1783154627.961207710, 182.996000000]: Updating LinkState: reference_frame is empty/world/map, using inertial frame[0m
[0m[INFO] [1783154627.964279330, 183.000000000]: Updating LinkState: reference_frame is empty/world/map, using inertial frame[0m
[0m[INFO] [1783154628.059630277, 183.094000000]: Updating LinkState: reference_frame is empty/world/map, using inertial frame[0m
[0m[INFO] [1783154628.062935822, 183.098000000]: Updating LinkState: reference_frame is empty/world/map, using inertial frame[0m
[0m[INFO] [1783154628.157881271, 183.192000000]: Updating LinkState: reference_frame is empty/world/map, using inertial frame[0m
[0m[INFO] [1783154628.162158137, 183.196000000]: Updating LinkState: reference_frame is empty/world/map, using inertial frame[0m
[0m[INFO] [1783154628.258210072, 183.292000000]: Updating LinkState: reference_frame is empty/world/map, using inertial frame[0m
[0m[INFO] [1783154628.260983932, 183.296000000]: Updating LinkState: reference_frame is empty/world/map, using inertial frame[0m
[0m[INFO] [1783154628.357714163, 183.392000000]: Updating LinkState: reference_frame is empty/world/map, using inertial frame[0m
[0m[INFO] [1783154628.360649630, 183.394000000]: Updating LinkState: reference_frame is empty/world/map, using inertial frame[0m
[0m[INFO] [1783154628.459029575, 183.488000000]: Updating LinkState: reference_frame is empty/world/map, using inertial frame[0m
[0m[INFO] [1783154628.463671487, 183.496000000]: Updating LinkState: reference_frame is empty/world/map, using inertial frame[0m
[0m[INFO] [1783154628.556617271, 183.590000000]: Updating LinkState: reference_frame is empty/world/map, using inertial frame[0m
[0m[INFO] [1783154628.561832602, 183.594000000]: Updating LinkState: reference_frame is empty/world/map, using inertial frame[0m
[0m[INFO] [1783154628.656915289, 183.690000000]: Updating LinkState: reference_frame is empty/world/map, using inertial frame[0m
[0m[INFO] [1783154628.660540793, 183.694000000]: Updating LinkState: reference_frame is empty/world/map, using inertial frame[0m
[0m[INFO] [1783154629.197029872, 183.788000000]: Updating LinkState: reference_frame is empty/world/map, using inertial frame[0m
[0m[INFO] [1783154629.200677970, 183.792000000]: Updating LinkState: reference_frame is empty/world/map, using inertial frame[0m
[0m[INFO] [1783154629.301067151, 183.892000000]: Updating LinkState: reference_frame is empty/world/map, using inertial frame[0m
[0m[INFO] [1783154629.306038887, 183.898000000]: Updating LinkState: reference_frame is empty/world/map, using inertial frame[0m
[0m[INFO] [1783154629.399860486, 183.992000000]: Updating LinkState: reference_frame is empty/world/map, using inertial frame[0m
[0m[INFO] [1783154629.405151688, 183.996000000]: Updating LinkState: reference_frame is empty/world/map, using inertial frame[0m
[0m[INFO] [1783154629.503077594, 184.090000000]: Updating LinkState: reference_frame is empty/world/map, using inertial frame[0m
[0m[INFO] [1783154629.505936303, 184.094000000]: Updating LinkState: reference_frame is empty/world/map, using inertial frame[0m
[0m[INFO] [1783154629.598923129, 184.188000000]: Updating LinkState: reference_frame is empty/world/map, using inertial frame[0m
[0m[INFO] [1783154629.603014216, 184.192000000]: Updating LinkState: reference_frame is empty/world/map, using inertial frame[0m
[0m[INFO] [1783154629.702684156, 184.290000000]: Updating LinkState: reference_frame is empty/world/map, using inertial frame[0m
[0m[INFO] [1783154629.706713185, 184.294000000]: Updating LinkState: reference_frame is empty/world/map, using inertial frame[0m
[0m[INFO] [1783154629.803693522, 184.386000000]: Updating LinkState: reference_frame is empty/world/map, using inertial frame[0m
[0m[INFO] [1783154629.807591133, 184.390000000]: Updating LinkState: reference_frame is empty/world/map, using inertial frame[0m
[0m[INFO] [1783154629.903832892, 184.486000000]: Updating LinkState: reference_frame is empty/world/map, using inertial frame[0m
[0m[INFO] [1783154629.907996988, 184.490000000]: Updating LinkState: reference_frame is empty/world/map, using inertial frame[0m
[0m[INFO] [1783154629.999300259, 184.580000000]: Updating LinkState: reference_frame is empty/world/map, using inertial frame[0m
[0m[INFO] [1783154630.002989992, 184.584000000]: Updating LinkState: reference_frame is empty/world/map, using inertial frame[0m
[0m[INFO] [1783154630.100921522, 184.682000000]: Updating LinkState: reference_frame is empty/world/map, using inertial frame[0m
[0m[INFO] [1783154630.105049211, 184.684000000]: Updating LinkState: reference_frame is empty/world/map, using inertial frame[0m
[0m[INFO] [1783154630.199276900, 184.778000000]: Updating LinkState: reference_frame is empty/world/map, using inertial frame[0m
[0m[INFO] [1783154630.203322997, 184.782000000]: Updating LinkState: reference_frame is empty/world/map, using inertial frame[0m
[0m[INFO] [1783154630.297691376, 184.876000000]: Updating LinkState: reference_frame is empty/world/map, using inertial frame[0m
[0m[INFO] [1783154630.302270639, 184.880000000]: Updating LinkState: reference_frame is empty/world/map, using inertial frame[0m
[0m[INFO] [1783154630.400472697, 184.980000000]: Updating LinkState: reference_frame is empty/world/map, using inertial frame[0m
[0m[INFO] [1783154630.404917879, 184.984000000]: Updating LinkState: reference_frame is empty/world/map, using inertial frame[0m
[0m[INFO] [1783154630.500960441, 185.080000000]: Updating LinkState: reference_frame is empty/world/map, using inertial frame[0m
[0m[INFO] [1783154630.506125060, 185.084000000]: Updating LinkState: reference_frame is empty/world/map, using inertial frame[0m
[0m[INFO] [1783154630.600108266, 185.178000000]: Updating LinkState: reference_frame is empty/world/map, using inertial frame[0m
[0m[INFO] [1783154630.604252432, 185.182000000]: Updating LinkState: reference_frame is empty/world/map, using inertial frame[0m
[0m[INFO] [1783154630.698902786, 185.276000000]: Updating LinkState: reference_frame is empty/world/map, using inertial frame[0m
[0m[INFO] [1783154630.704443798, 185.282000000]: Updating LinkState: reference_frame is empty/world/map, using inertial frame[0m
[0m[INFO] [1783154630.800272758, 185.378000000]: Updating LinkState: reference_frame is empty/world/map, using inertial frame[0m
[0m[INFO] [1783154630.804163661, 185.382000000]: Updating LinkState: reference_frame is empty/world/map, using inertial frame[0m
[0m[INFO] [1783154630.900893891, 185.478000000]: Updating LinkState: reference_frame is empty/world/map, using inertial frame[0m
[0m[INFO] [1783154630.905200059, 185.482000000]: Updating LinkState: reference_frame is empty/world/map, using inertial frame[0m
[0m[INFO] [1783154630.999805730, 185.578000000]: Updating LinkState: reference_frame is empty/world/map, using inertial frame[0m
[0m[INFO] [1783154631.003350500, 185.580000000]: Updating LinkState: reference_frame is empty/world/map, using inertial frame[0m
[0m[INFO] [1783154631.097481739, 185.674000000]: Updating LinkState: reference_frame is empty/world/map, using inertial frame[0m
[0m[INFO] [1783154631.099867973, 185.678000000]: Updating LinkState: reference_frame is empty/world/map, using inertial frame[0m
[0m[INFO] [1783154631.210252612, 185.780000000]: Updating LinkState: reference_frame is empty/world/map, using inertial frame[0m
[0m[INFO] [1783154631.235306384, 185.802000000]: Updating LinkState: reference_frame is empty/world/map, using inertial frame[0m
[0m[INFO] [1783154631.304374564, 185.864000000]: Updating LinkState: reference_frame is empty/world/map, using inertial frame[0m
[0m[INFO] [1783154631.308768526, 185.868000000]: Updating LinkState: reference_frame is empty/world/map, using inertial frame[0m
[0m[INFO] [1783154631.397280972, 185.958000000]: Updating LinkState: reference_frame is empty/world/map, using inertial frame[0m
[0m[INFO] [1783154631.402385212, 185.962000000]: Updating LinkState: reference_frame is empty/world/map, using inertial frame[0m
[0m[INFO] [1783154631.498819989, 186.060000000]: Updating LinkState: reference_frame is empty/world/map, using inertial frame[0m
[0m[INFO] [1783154631.502624110, 186.064000000]: Updating LinkState: reference_frame is empty/world/map, using inertial frame[0m
[0m[INFO] [1783154631.600352879, 186.162000000]: Updating LinkState: reference_frame is empty/world/map, using inertial frame[0m
[0m[INFO] [1783154631.604072428, 186.166000000]: Updating LinkState: reference_frame is empty/world/map, using inertial frame[0m
[0m[INFO] [1783154631.699195527, 186.260000000]: Updating LinkState: reference_frame is empty/world/map, using inertial frame[0m
[0m[INFO] [1783154631.702114494, 186.264000000]: Updating LinkState: reference_frame is empty/world/map, using inertial frame[0m
[0m[INFO] [1783154631.799064121, 186.360000000]: Updating LinkState: reference_frame is empty/world/map, using inertial frame[0m
[0m[INFO] [1783154631.804010181, 186.366000000]: Updating LinkState: reference_frame is empty/world/map, using inertial frame[0m
[0m[INFO] [1783154631.900984014, 186.462000000]: Updating LinkState: reference_frame is empty/world/map, using inertial frame[0m
[0m[INFO] [1783154631.904895828, 186.466000000]: Updating LinkState: reference_frame is empty/world/map, using inertial frame[0m
[0m[INFO] [1783154631.999962117, 186.562000000]: Updating LinkState: reference_frame is empty/world/map, using inertial frame[0m
[0m[INFO] [1783154632.004644478, 186.566000000]: Updating LinkState: reference_frame is empty/world/map, using inertial frame[0m
[0m[INFO] [1783154632.101185564, 186.662000000]: Updating LinkState: reference_frame is empty/world/map, using inertial frame[0m
[0m[INFO] [1783154632.104417038, 186.666000000]: Updating LinkState: reference_frame is empty/world/map, using inertial frame[0m
[0m[INFO] [1783154632.203229551, 186.764000000]: Updating LinkState: reference_frame is empty/world/map, using inertial frame[0m
[0m[INFO] [1783154632.207547041, 186.768000000]: Updating LinkState: reference_frame is empty/world/map, using inertial frame[0m
[0m[INFO] [1783154632.300900621, 186.862000000]: Updating LinkState: reference_frame is empty/world/map, using inertial frame[0m
[0m[INFO] [1783154632.307819334, 186.868000000]: Updating LinkState: reference_frame is empty/world/map, using inertial frame[0m
[0m[INFO] [1783154632.400279361, 186.960000000]: Updating LinkState: reference_frame is empty/world/map, using inertial frame[0m
[0m[INFO] [1783154632.404931884, 186.966000000]: Updating LinkState: reference_frame is empty/world/map, using inertial frame[0m
[0m[INFO] [1783154632.502123078, 187.060000000]: Updating LinkState: reference_frame is empty/world/map, using inertial frame[0m
[0m[INFO] [1783154632.505164459, 187.062000000]: Updating LinkState: reference_frame is empty/world/map, using inertial frame[0m
[0m[INFO] [1783154632.601965490, 187.158000000]: Updating LinkState: reference_frame is empty/world/map, using inertial frame[0m
[0m[INFO] [1783154632.604735762, 187.160000000]: Updating LinkState: reference_frame is empty/world/map, using inertial frame[0m
[0m[INFO] [1783154632.699636164, 187.256000000]: Updating LinkState: reference_frame is empty/world/map, using inertial frame[0m
[0m[INFO] [1783154632.702412265, 187.258000000]: Updating LinkState: reference_frame is empty/world/map, using inertial frame[0m
[0m[INFO] [1783154632.802397542, 187.358000000]: Updating LinkState: reference_frame is empty/world/map, using inertial frame[0m
[0m[INFO] [1783154632.805700152, 187.362000000]: Updating LinkState: reference_frame is empty/world/map, using inertial frame[0m
[0m[INFO] [1783154632.900569828, 187.458000000]: Updating LinkState: reference_frame is empty/world/map, using inertial frame[0m
[0m[INFO] [1783154632.904361501, 187.460000000]: Updating LinkState: reference_frame is empty/world/map, using inertial frame[0m
[0m[INFO] [1783154633.000359776, 187.556000000]: Updating LinkState: reference_frame is empty/world/map, using inertial frame[0m
[0m[INFO] [1783154633.005728011, 187.562000000]: Updating LinkState: reference_frame is empty/world/map, using inertial frame[0m
[0m[INFO] [1783154633.099029918, 187.654000000]: Updating LinkState: reference_frame is empty/world/map, using inertial frame[0m
[0m[INFO] [1783154633.101224281, 187.656000000]: Updating LinkState: reference_frame is empty/world/map, using inertial frame[0m
[0m[INFO] [1783154633.197846680, 187.754000000]: Updating LinkState: reference_frame is empty/world/map, using inertial frame[0m
[0m[INFO] [1783154633.201078252, 187.756000000]: Updating LinkState: reference_frame is empty/world/map, using inertial frame[0m
[0m[INFO] [1783154633.299149760, 187.854000000]: Updating LinkState: reference_frame is empty/world/map, using inertial frame[0m
[0m[INFO] [1783154633.303154052, 187.858000000]: Updating LinkState: reference_frame is empty/world/map, using inertial frame[0m
[0m[INFO] [1783154633.397267112, 187.952000000]: Updating LinkState: reference_frame is empty/world/map, using inertial frame[0m
[0m[INFO] [1783154633.400898333, 187.956000000]: Updating LinkState: reference_frame is empty/world/map, using inertial frame[0m
[0m[INFO] [1783154633.502968502, 188.056000000]: Updating LinkState: reference_frame is empty/world/map, using inertial frame[0m
[0m[INFO] [1783154633.507840461, 188.062000000]: Updating LinkState: reference_frame is empty/world/map, using inertial frame[0m
[0m[INFO] [1783154633.598534722, 188.152000000]: Updating LinkState: reference_frame is empty/world/map, using inertial frame[0m
[0m[INFO] [1783154633.602699664, 188.156000000]: Updating LinkState: reference_frame is empty/world/map, using inertial frame[0m
[0m[INFO] [1783154633.700084409, 188.254000000]: Updating LinkState: reference_frame is empty/world/map, using inertial frame[0m
[0m[INFO] [1783154633.703288514, 188.256000000]: Updating LinkState: reference_frame is empty/world/map, using inertial frame[0m
[0m[INFO] [1783154633.797998331, 188.352000000]: Updating LinkState: reference_frame is empty/world/map, using inertial frame[0m
[0m[INFO] [1783154633.802071091, 188.356000000]: Updating LinkState: reference_frame is empty/world/map, using inertial frame[0m
[0m[INFO] [1783154633.899565406, 188.452000000]: Updating LinkState: reference_frame is empty/world/map, using inertial frame[0m
[0m[INFO] [1783154633.903560707, 188.456000000]: Updating LinkState: reference_frame is empty/world/map, using inertial frame[0m
[0m[INFO] [1783154633.999124260, 188.552000000]: Updating LinkState: reference_frame is empty/world/map, using inertial frame[0m
[0m[INFO] [1783154634.001565130, 188.554000000]: Updating LinkState: reference_frame is empty/world/map, using inertial frame[0m
[0m[INFO] [1783154634.098411807, 188.652000000]: Updating LinkState: reference_frame is empty/world/map, using inertial frame[0m
[0m[INFO] [1783154634.101504861, 188.654000000]: Updating LinkState: reference_frame is empty/world/map, using inertial frame[0m
[0m[INFO] [1783154634.207027816, 188.752000000]: Updating LinkState: reference_frame is empty/world/map, using inertial frame[0m
[0m[INFO] [1783154634.213376351, 188.758000000]: Updating LinkState: reference_frame is empty/world/map, using inertial frame[0m
[0m[INFO] [1783154634.301825565, 188.842000000]: Updating LinkState: reference_frame is empty/world/map, using inertial frame[0m
[0m[INFO] [1783154634.304951124, 188.846000000]: Updating LinkState: reference_frame is empty/world/map, using inertial frame[0m
[0m[INFO] [1783154634.399622704, 188.940000000]: Updating LinkState: reference_frame is empty/world/map, using inertial frame[0m
[0m[INFO] [1783154634.402747966, 188.944000000]: Updating LinkState: reference_frame is empty/world/map, using inertial frame[0m
[0m[INFO] [1783154634.500519516, 189.040000000]: Updating LinkState: reference_frame is empty/world/map, using inertial frame[0m
[0m[INFO] [1783154634.505530191, 189.046000000]: Updating LinkState: reference_frame is empty/world/map, using inertial frame[0m
[0m[INFO] [1783154634.600863736, 189.140000000]: Updating LinkState: reference_frame is empty/world/map, using inertial frame[0m
[0m[INFO] [1783154634.606862023, 189.144000000]: Updating LinkState: reference_frame is empty/world/map, using inertial frame[0m
[0m[INFO] [1783154634.699478352, 189.238000000]: Updating LinkState: reference_frame is empty/world/map, using inertial frame[0m
[0m[INFO] [1783154634.703593004, 189.242000000]: Updating LinkState: reference_frame is empty/world/map, using inertial frame[0m
[0m[INFO] [1783154634.797117608, 189.336000000]: Updating LinkState: reference_frame is empty/world/map, using inertial frame[0m
[0m[INFO] [1783154634.801308040, 189.340000000]: Updating LinkState: reference_frame is empty/world/map, using inertial frame[0m
[0m[INFO] [1783154634.898591021, 189.436000000]: Updating LinkState: reference_frame is empty/world/map, using inertial frame[0m
[0m[INFO] [1783154634.904933134, 189.444000000]: Updating LinkState: reference_frame is empty/world/map, using inertial frame[0m
[0m[INFO] [1783154635.000271223, 189.538000000]: Updating LinkState: reference_frame is empty/world/map, using inertial frame[0m
[0m[INFO] [1783154635.004558480, 189.540000000]: Updating LinkState: reference_frame is empty/world/map, using inertial frame[0m
[0m[INFO] [1783154635.100872424, 189.638000000]: Updating LinkState: reference_frame is empty/world/map, using inertial frame[0m
[0m[INFO] [1783154635.104554625, 189.642000000]: Updating LinkState: reference_frame is empty/world/map, using inertial frame[0m
[0m[INFO] [1783154635.202762380, 189.738000000]: Updating LinkState: reference_frame is empty/world/map, using inertial frame[0m
[0m[INFO] [1783154635.207385658, 189.742000000]: Updating LinkState: reference_frame is empty/world/map, using inertial frame[0m
[0m[INFO] [1783154635.300466153, 189.832000000]: Updating LinkState: reference_frame is empty/world/map, using inertial frame[0m
[0m[INFO] [1783154635.303864599, 189.836000000]: Updating LinkState: reference_frame is empty/world/map, using inertial frame[0m
[0m[INFO] [1783154635.399053006, 189.932000000]: Updating LinkState: reference_frame is empty/world/map, using inertial frame[0m
[0m[INFO] [1783154635.402680472, 189.934000000]: Updating LinkState: reference_frame is empty/world/map, using inertial frame[0m
[0m[INFO] [1783154635.498883660, 190.030000000]: Updating LinkState: reference_frame is empty/world/map, using inertial frame[0m
[0m[INFO] [1783154635.502604295, 190.034000000]: Updating LinkState: reference_frame is empty/world/map, using inertial frame[0m
[0m[INFO] [1783154635.601710938, 190.132000000]: Updating LinkState: reference_frame is empty/world/map, using inertial frame[0m
[0m[INFO] [1783154635.606661641, 190.136000000]: Updating LinkState: reference_frame is empty/world/map, using inertial frame[0m
[0m[INFO] [1783154635.702242484, 190.232000000]: Updating LinkState: reference_frame is empty/world/map, using inertial frame[0m
[0m[INFO] [1783154635.706448033, 190.236000000]: Updating LinkState: reference_frame is empty/world/map, using inertial frame[0m
[0m[INFO] [1783154635.800163717, 190.330000000]: Updating LinkState: reference_frame is empty/world/map, using inertial frame[0m
[0m[INFO] [1783154635.803314668, 190.332000000]: Updating LinkState: reference_frame is empty/world/map, using inertial frame[0m
[0m[INFO] [1783154635.900737352, 190.428000000]: Updating LinkState: reference_frame is empty/world/map, using inertial frame[0m
[0m[INFO] [1783154635.906953791, 190.436000000]: Updating LinkState: reference_frame is empty/world/map, using inertial frame[0m
[0m[INFO] [1783154635.999644023, 190.526000000]: Updating LinkState: reference_frame is empty/world/map, using inertial frame[0m
[0m[INFO] [1783154636.004793612, 190.530000000]: Updating LinkState: reference_frame is empty/world/map, using inertial frame[0m
[0m[INFO] [1783154636.098037720, 190.624000000]: Updating LinkState: reference_frame is empty/world/map, using inertial frame[0m
[0m[INFO] [1783154636.103139786, 190.630000000]: Updating LinkState: reference_frame is empty/world/map, using inertial frame[0m
[0m[INFO] [1783154636.198812909, 190.726000000]: Updating LinkState: reference_frame is empty/world/map, using inertial frame[0m
[0m[INFO] [1783154636.204204658, 190.730000000]: Updating LinkState: reference_frame is empty/world/map, using inertial frame[0m
[0m[INFO] [1783154636.301644534, 190.826000000]: Updating LinkState: reference_frame is empty/world/map, using inertial frame[0m
[0m[INFO] [1783154636.304192010, 190.828000000]: Updating LinkState: reference_frame is empty/world/map, using inertial frame[0m
[0m[INFO] [1783154636.399652712, 190.924000000]: Updating LinkState: reference_frame is empty/world/map, using inertial frame[0m
[0m[INFO] [1783154636.406349321, 190.930000000]: Updating LinkState: reference_frame is empty/world/map, using inertial frame[0m
[0m[INFO] [1783154636.501955358, 191.026000000]: Updating LinkState: reference_frame is empty/world/map, using inertial frame[0m
[0m[INFO] [1783154636.504614973, 191.028000000]: Updating LinkState: reference_frame is empty/world/map, using inertial frame[0m
[0m[INFO] [1783154636.599490478, 191.124000000]: Updating LinkState: reference_frame is empty/world/map, using inertial frame[0m
[0m[INFO] [1783154636.603371368, 191.128000000]: Updating LinkState: reference_frame is empty/world/map, using inertial frame[0m
[0m[INFO] [1783154636.699218973, 191.224000000]: Updating LinkState: reference_frame is empty/world/map, using inertial frame[0m
[0m[INFO] [1783154636.703296377, 191.228000000]: Updating LinkState: reference_frame is empty/world/map, using inertial frame[0m
[0m[INFO] [1783154636.798812209, 191.322000000]: Updating LinkState: reference_frame is empty/world/map, using inertial frame[0m
[0m[INFO] [1783154636.802084981, 191.326000000]: Updating LinkState: reference_frame is empty/world/map, using inertial frame[0m
[0m[INFO] [1783154636.900951637, 191.424000000]: Updating LinkState: reference_frame is empty/world/map, using inertial frame[0m
[0m[INFO] [1783154636.906189159, 191.426000000]: Updating LinkState: reference_frame is empty/world/map, using inertial frame[0m
[0m[INFO] [1783154636.999271926, 191.518000000]: Updating LinkState: reference_frame is empty/world/map, using inertial frame[0m
[0m[INFO] [1783154637.002908185, 191.522000000]: Updating LinkState: reference_frame is empty/world/map, using inertial frame[0m
[0m[INFO] [1783154637.099262143, 191.618000000]: Updating LinkState: reference_frame is empty/world/map, using inertial frame[0m
[0m[INFO] [1783154637.102131808, 191.622000000]: Updating LinkState: reference_frame is empty/world/map, using inertial frame[0m
[0m[INFO] [1783154637.200503671, 191.720000000]: Updating LinkState: reference_frame is empty/world/map, using inertial frame[0m
[0m[INFO] [1783154637.206672883, 191.724000000]: Updating LinkState: reference_frame is empty/world/map, using inertial frame[0m
[0m[INFO] [1783154637.298153004, 191.818000000]: Updating LinkState: reference_frame is empty/world/map, using inertial frame[0m
[0m[INFO] [1783154637.302508730, 191.822000000]: Updating LinkState: reference_frame is empty/world/map, using inertial frame[0m
[0m[INFO] [1783154637.400586364, 191.920000000]: Updating LinkState: reference_frame is empty/world/map, using inertial frame[0m
[0m[INFO] [1783154637.405521655, 191.924000000]: Updating LinkState: reference_frame is empty/world/map, using inertial frame[0m
[0m[INFO] [1783154637.500339855, 192.018000000]: Updating LinkState: reference_frame is empty/world/map, using inertial frame[0m
[0m[INFO] [1783154637.506004788, 192.024000000]: Updating LinkState: reference_frame is empty/world/map, using inertial frame[0m
[0m[INFO] [1783154637.601040054, 192.118000000]: Updating LinkState: reference_frame is empty/world/map, using inertial frame[0m
[0m[INFO] [1783154637.604861071, 192.122000000]: Updating LinkState: reference_frame is empty/world/map, using inertial frame[0m
[0m[INFO] [1783154637.701713181, 192.218000000]: Updating LinkState: reference_frame is empty/world/map, using inertial frame[0m
[0m[INFO] [1783154637.705982753, 192.222000000]: Updating LinkState: reference_frame is empty/world/map, using inertial frame[0m
[0m[INFO] [1783154637.802277529, 192.318000000]: Updating LinkState: reference_frame is empty/world/map, using inertial frame[0m
[0m[INFO] [1783154637.804981901, 192.320000000]: Updating LinkState: reference_frame is empty/world/map, using inertial frame[0m
[0m[INFO] [1783154637.900873571, 192.416000000]: Updating LinkState: reference_frame is empty/world/map, using inertial frame[0m
[0m[INFO] [1783154637.904303139, 192.420000000]: Updating LinkState: reference_frame is empty/world/map, using inertial frame[0m
[0m[INFO] [1783154638.002768961, 192.518000000]: Updating LinkState: reference_frame is empty/world/map, using inertial frame[0m
[0m[INFO] [1783154638.006863557, 192.522000000]: Updating LinkState: reference_frame is empty/world/map, using inertial frame[0m
[0m[INFO] [1783154638.104974190, 192.616000000]: Updating LinkState: reference_frame is empty/world/map, using inertial frame[0m
[0m[INFO] [1783154638.114572576, 192.626000000]: Updating LinkState: reference_frame is empty/world/map, using inertial frame[0m
[0m[INFO] [1783154638.200225533, 192.710000000]: Updating LinkState: reference_frame is empty/world/map, using inertial frame[0m
[0m[INFO] [1783154638.203040463, 192.714000000]: Updating LinkState: reference_frame is empty/world/map, using inertial frame[0m
[0m[INFO] [1783154638.304160861, 192.810000000]: Updating LinkState: reference_frame is empty/world/map, using inertial frame[0m
[0m[INFO] [1783154638.310995890, 192.816000000]: Updating LinkState: reference_frame is empty/world/map, using inertial frame[0m
[0m[INFO] [1783154638.401847047, 192.906000000]: Updating LinkState: reference_frame is empty/world/map, using inertial frame[0m
[0m[INFO] [1783154638.404244346, 192.908000000]: Updating LinkState: reference_frame is empty/world/map, using inertial frame[0m
[0m[INFO] [1783154638.499694179, 193.004000000]: Updating LinkState: reference_frame is empty/world/map, using inertial frame[0m
[0m[INFO] [1783154638.503027812, 193.008000000]: Updating LinkState: reference_frame is empty/world/map, using inertial frame[0m
[0m[INFO] [1783154638.600184130, 193.102000000]: Updating LinkState: reference_frame is empty/world/map, using inertial frame[0m
[0m[INFO] [1783154638.606454217, 193.110000000]: Updating LinkState: reference_frame is empty/world/map, using inertial frame[0m
[0m[INFO] [1783154638.699053948, 193.202000000]: Updating LinkState: reference_frame is empty/world/map, using inertial frame[0m
[0m[INFO] [1783154638.702449430, 193.204000000]: Updating LinkState: reference_frame is empty/world/map, using inertial frame[0m
[0m[INFO] [1783154638.797583990, 193.300000000]: Updating LinkState: reference_frame is empty/world/map, using inertial frame[0m
[0m[INFO] [1783154638.799799496, 193.302000000]: Updating LinkState: reference_frame is empty/world/map, using inertial frame[0m
[0m[INFO] [1783154638.897278497, 193.400000000]: Updating LinkState: reference_frame is empty/world/map, using inertial frame[0m
[0m[INFO] [1783154638.901080742, 193.404000000]: Updating LinkState: reference_frame is empty/world/map, using inertial frame[0m
[0m[INFO] [1783154638.997429484, 193.500000000]: Updating LinkState: reference_frame is empty/world/map, using inertial frame[0m
[0m[INFO] [1783154639.001496706, 193.504000000]: Updating LinkState: reference_frame is empty/world/map, using inertial frame[0m
[0m[INFO] [1783154639.099878319, 193.602000000]: Updating LinkState: reference_frame is empty/world/map, using inertial frame[0m
[0m[INFO] [1783154639.103452479, 193.606000000]: Updating LinkState: reference_frame is empty/world/map, using inertial frame[0m
[0m[INFO] [1783154639.200671397, 193.702000000]: Updating LinkState: reference_frame is empty/world/map, using inertial frame[0m
[0m[INFO] [1783154639.203877972, 193.706000000]: Updating LinkState: reference_frame is empty/world/map, using inertial frame[0m
[0m[INFO] [1783154639.298708811, 193.800000000]: Updating LinkState: reference_frame is empty/world/map, using inertial frame[0m
[0m[INFO] [1783154639.302167124, 193.804000000]: Updating LinkState: reference_frame is empty/world/map, using inertial frame[0m
[0m[INFO] [1783154639.399784481, 193.900000000]: Updating LinkState: reference_frame is empty/world/map, using inertial frame[0m
[0m[INFO] [1783154639.403314326, 193.904000000]: Updating LinkState: reference_frame is empty/world/map, using inertial frame[0m
[0m[INFO] [1783154639.499040499, 194.000000000]: Updating LinkState: reference_frame is empty/world/map, using inertial frame[0m
[0m[INFO] [1783154639.501976370, 194.002000000]: Updating LinkState: reference_frame is empty/world/map, using inertial frame[0m
[0m[INFO] [1783154639.604715855, 194.102000000]: Updating LinkState: reference_frame is empty/world/map, using inertial frame[0m
[0m[INFO] [1783154639.608531437, 194.106000000]: Updating LinkState: reference_frame is empty/world/map, using inertial frame[0m
[0m[INFO] [1783154639.700942361, 194.200000000]: Updating LinkState: reference_frame is empty/world/map, using inertial frame[0m
[0m[INFO] [1783154639.706629770, 194.204000000]: Updating LinkState: reference_frame is empty/world/map, using inertial frame[0m
[0m[INFO] [1783154639.798813717, 194.296000000]: Updating LinkState: reference_frame is empty/world/map, using inertial frame[0m
[0m[INFO] [1783154639.802754283, 194.300000000]: Updating LinkState: reference_frame is empty/world/map, using inertial frame[0m
[0m[INFO] [1783154639.899348080, 194.396000000]: Updating LinkState: reference_frame is empty/world/map, using inertial frame[0m
[0m[INFO] [1783154639.905059170, 194.402000000]: Updating LinkState: reference_frame is empty/world/map, using inertial frame[0m
[0m[INFO] [1783154640.002285654, 194.500000000]: Updating LinkState: reference_frame is empty/world/map, using inertial frame[0m
[0m[INFO] [1783154640.006367321, 194.504000000]: Updating LinkState: reference_frame is empty/world/map, using inertial frame[0m
[0m[INFO] [1783154640.100752557, 194.598000000]: Updating LinkState: reference_frame is empty/world/map, using inertial frame[0m
[0m[INFO] [1783154640.104713463, 194.600000000]: Updating LinkState: reference_frame is empty/world/map, using inertial frame[0m
[0m[INFO] [1783154640.199634405, 194.696000000]: Updating LinkState: reference_frame is empty/world/map, using inertial frame[0m
[0m[INFO] [1783154640.202087728, 194.698000000]: Updating LinkState: reference_frame is empty/world/map, using inertial frame[0m
[0m[INFO] [1783154640.305405465, 194.794000000]: Updating LinkState: reference_frame is empty/world/map, using inertial frame[0m
[0m[INFO] [1783154640.310242446, 194.800000000]: Updating LinkState: reference_frame is empty/world/map, using inertial frame[0m
[0m[INFO] [1783154640.398439743, 194.886000000]: Updating LinkState: reference_frame is empty/world/map, using inertial frame[0m
[0m[INFO] [1783154640.402091134, 194.890000000]: Updating LinkState: reference_frame is empty/world/map, using inertial frame[0m
[0m[INFO] [1783154640.499942838, 194.986000000]: Updating LinkState: reference_frame is empty/world/map, using inertial frame[0m
[0m[INFO] [1783154640.503623314, 194.990000000]: Updating LinkState: reference_frame is empty/world/map, using inertial frame[0m
[0m[INFO] [1783154640.601759281, 195.086000000]: Updating LinkState: reference_frame is empty/world/map, using inertial frame[0m
[0m[INFO] [1783154640.610499097, 195.094000000]: Updating LinkState: reference_frame is empty/world/map, using inertial frame[0m
[0m[INFO] [1783154640.709996438, 195.184000000]: Updating LinkState: reference_frame is empty/world/map, using inertial frame[0m
[0m[INFO] [1783154640.726006316, 195.190000000]: Updating LinkState: reference_frame is empty/world/map, using inertial frame[0m
[0m[INFO] [1783154640.793514852, 195.262000000]: Updating LinkState: reference_frame is empty/world/map, using inertial frame[0m
[0m[INFO] [1783154640.797996726, 195.268000000]: Updating LinkState: reference_frame is empty/world/map, using inertial frame[0m
[0m[INFO] [1783154640.901177687, 195.370000000]: Updating LinkState: reference_frame is empty/world/map, using inertial frame[0m
[0m[INFO] [1783154640.904770516, 195.374000000]: Updating LinkState: reference_frame is empty/world/map, using inertial frame[0m
[0m[INFO] [1783154641.001491066, 195.470000000]: Updating LinkState: reference_frame is empty/world/map, using inertial frame[0m
[0m[INFO] [1783154641.006865817, 195.476000000]: Updating LinkState: reference_frame is empty/world/map, using inertial frame[0m
[0m[INFO] [1783154641.103105784, 195.572000000]: Updating LinkState: reference_frame is empty/world/map, using inertial frame[0m
[0m[INFO] [1783154641.107832322, 195.576000000]: Updating LinkState: reference_frame is empty/world/map, using inertial frame[0m
[0m[INFO] [1783154641.201335686, 195.668000000]: Updating LinkState: reference_frame is empty/world/map, using inertial frame[0m
[0m[INFO] [1783154641.206220322, 195.672000000]: Updating LinkState: reference_frame is empty/world/map, using inertial frame[0m
[0m[INFO] [1783154641.301998375, 195.768000000]: Updating LinkState: reference_frame is empty/world/map, using inertial frame[0m
[0m[INFO] [1783154641.306543429, 195.772000000]: Updating LinkState: reference_frame is empty/world/map, using inertial frame[0m
[0m[INFO] [1783154641.401104843, 195.866000000]: Updating LinkState: reference_frame is empty/world/map, using inertial frame[0m
[0m[INFO] [1783154641.403973997, 195.868000000]: Updating LinkState: reference_frame is empty/world/map, using inertial frame[0m
[0m[INFO] [1783154641.501464699, 195.964000000]: Updating LinkState: reference_frame is empty/world/map, using inertial frame[0m
[0m[INFO] [1783154641.505679112, 195.968000000]: Updating LinkState: reference_frame is empty/world/map, using inertial frame[0m
[0m[INFO] [1783154641.605944934, 196.062000000]: Updating LinkState: reference_frame is empty/world/map, using inertial frame[0m
[0m[INFO] [1783154641.616465001, 196.070000000]: Updating LinkState: reference_frame is empty/world/map, using inertial frame[0m
[0m[INFO] [1783154641.701388318, 196.154000000]: Updating LinkState: reference_frame is empty/world/map, using inertial frame[0m
[0m[INFO] [1783154641.706465541, 196.160000000]: Updating LinkState: reference_frame is empty/world/map, using inertial frame[0m
[0m[INFO] [1783154641.801792685, 196.254000000]: Updating LinkState: reference_frame is empty/world/map, using inertial frame[0m
[0m[INFO] [1783154641.808173212, 196.260000000]: Updating LinkState: reference_frame is empty/world/map, using inertial frame[0m
[0m[INFO] [1783154641.900458266, 196.352000000]: Updating LinkState: reference_frame is empty/world/map, using inertial frame[0m
[0m[INFO] [1783154641.904370535, 196.356000000]: Updating LinkState: reference_frame is empty/world/map, using inertial frame[0m
[0m[INFO] [1783154642.001367585, 196.452000000]: Updating LinkState: reference_frame is empty/world/map, using inertial frame[0m
[0m[INFO] [1783154642.008076590, 196.460000000]: Updating LinkState: reference_frame is empty/world/map, using inertial frame[0m
[0m[INFO] [1783154642.101189474, 196.552000000]: Updating LinkState: reference_frame is empty/world/map, using inertial frame[0m
[0m[INFO] [1783154642.106539857, 196.556000000]: Updating LinkState: reference_frame is empty/world/map, using inertial frame[0m
[0m[INFO] [1783154642.201735039, 196.648000000]: Updating LinkState: reference_frame is empty/world/map, using inertial frame[0m
[0m[INFO] [1783154642.208149366, 196.654000000]: Updating LinkState: reference_frame is empty/world/map, using inertial frame[0m
[0m[INFO] [1783154642.298435250, 196.744000000]: Updating LinkState: reference_frame is empty/world/map, using inertial frame[0m
[0m[INFO] [1783154642.302287482, 196.748000000]: Updating LinkState: reference_frame is empty/world/map, using inertial frame[0m
[0m[INFO] [1783154642.398364143, 196.844000000]: Updating LinkState: reference_frame is empty/world/map, using inertial frame[0m
[0m[INFO] [1783154642.401330475, 196.848000000]: Updating LinkState: reference_frame is empty/world/map, using inertial frame[0m
[0m[INFO] [1783154642.499315811, 196.944000000]: Updating LinkState: reference_frame is empty/world/map, using inertial frame[0m
[0m[INFO] [1783154642.505644358, 196.948000000]: Updating LinkState: reference_frame is empty/world/map, using inertial frame[0m
[0m[INFO] [1783154642.598176337, 197.040000000]: Updating LinkState: reference_frame is empty/world/map, using inertial frame[0m
[0m[INFO] [1783154642.601699992, 197.044000000]: Updating LinkState: reference_frame is empty/world/map, using inertial frame[0m
[0m[INFO] [1783154642.700463537, 197.142000000]: Updating LinkState: reference_frame is empty/world/map, using inertial frame[0m
[0m[INFO] [1783154642.705867765, 197.148000000]: Updating LinkState: reference_frame is empty/world/map, using inertial frame[0m
[0m[INFO] [1783154642.804622959, 197.244000000]: Updating LinkState: reference_frame is empty/world/map, using inertial frame[0m
[0m[INFO] [1783154642.808435592, 197.248000000]: Updating LinkState: reference_frame is empty/world/map, using inertial frame[0m
[0m[INFO] [1783154642.905108684, 197.340000000]: Updating LinkState: reference_frame is empty/world/map, using inertial frame[0m
[0m[INFO] [1783154642.908990983, 197.344000000]: Updating LinkState: reference_frame is empty/world/map, using inertial frame[0m
[0m[INFO] [1783154643.003150420, 197.432000000]: Updating LinkState: reference_frame is empty/world/map, using inertial frame[0m
[0m[INFO] [1783154643.007865757, 197.438000000]: Updating LinkState: reference_frame is empty/world/map, using inertial frame[0m
[0m[INFO] [1783154643.104079391, 197.530000000]: Updating LinkState: reference_frame is empty/world/map, using inertial frame[0m
[0m[INFO] [1783154643.107836213, 197.534000000]: Updating LinkState: reference_frame is empty/world/map, using inertial frame[0m
[0m[INFO] [1783154643.207088202, 197.628000000]: Updating LinkState: reference_frame is empty/world/map, using inertial frame[0m
[0m[INFO] [1783154643.214194959, 197.634000000]: Updating LinkState: reference_frame is empty/world/map, using inertial frame[0m
[0m[INFO] [1783154643.304119447, 197.722000000]: Updating LinkState: reference_frame is empty/world/map, using inertial frame[0m
[0m[INFO] [1783154643.312034086, 197.730000000]: Updating LinkState: reference_frame is empty/world/map, using inertial frame[0m
[0m[INFO] [1783154643.402083264, 197.818000000]: Updating LinkState: reference_frame is empty/world/map, using inertial frame[0m
[0m[INFO] [1783154643.408428418, 197.822000000]: Updating LinkState: reference_frame is empty/world/map, using inertial frame[0m
[0m[INFO] [1783154643.500548300, 197.914000000]: Updating LinkState: reference_frame is empty/world/map, using inertial frame[0m
[0m[INFO] [1783154643.506843046, 197.920000000]: Updating LinkState: reference_frame is empty/world/map, using inertial frame[0m
[0m[INFO] [1783154643.600549315, 198.014000000]: Updating LinkState: reference_frame is empty/world/map, using inertial frame[0m
[0m[INFO] [1783154643.608941491, 198.022000000]: Updating LinkState: reference_frame is empty/world/map, using inertial frame[0m
[0m[INFO] [1783154643.702082084, 198.114000000]: Updating LinkState: reference_frame is empty/world/map, using inertial frame[0m
[0m[INFO] [1783154643.705743007, 198.118000000]: Updating LinkState: reference_frame is empty/world/map, using inertial frame[0m
[0m[INFO] [1783154643.798853434, 198.212000000]: Updating LinkState: reference_frame is empty/world/map, using inertial frame[0m
[0m[INFO] [1783154643.806185203, 198.216000000]: Updating LinkState: reference_frame is empty/world/map, using inertial frame[0m
[0m[INFO] [1783154643.900584097, 198.310000000]: Updating LinkState: reference_frame is empty/world/map, using inertial frame[0m
[0m[INFO] [1783154643.904646406, 198.314000000]: Updating LinkState: reference_frame is empty/world/map, using inertial frame[0m
[0m[INFO] [1783154644.004486768, 198.410000000]: Updating LinkState: reference_frame is empty/world/map, using inertial frame[0m
[0m[INFO] [1783154644.008144743, 198.414000000]: Updating LinkState: reference_frame is empty/world/map, using inertial frame[0m
[0m[INFO] [1783154644.102431524, 198.506000000]: Updating LinkState: reference_frame is empty/world/map, using inertial frame[0m
[0m[INFO] [1783154644.106339370, 198.510000000]: Updating LinkState: reference_frame is empty/world/map, using inertial frame[0m
[0m[INFO] [1783154644.203863873, 198.604000000]: Updating LinkState: reference_frame is empty/world/map, using inertial frame[0m
[0m[INFO] [1783154644.210876301, 198.610000000]: Updating LinkState: reference_frame is empty/world/map, using inertial frame[0m
[0m[INFO] [1783154644.348637640, 198.700000000]: Updating LinkState: reference_frame is empty/world/map, using inertial frame[0m
[0m[INFO] [1783154644.355667853, 198.704000000]: Updating LinkState: reference_frame is empty/world/map, using inertial frame[0m
[0m[INFO] [1783154644.402532435, 198.750000000]: Updating LinkState: reference_frame is empty/world/map, using inertial frame[0m
[0m[INFO] [1783154644.410579428, 198.756000000]: Updating LinkState: reference_frame is empty/world/map, using inertial frame[0m
[0m[INFO] [1783154644.505319673, 198.846000000]: Updating LinkState: reference_frame is empty/world/map, using inertial frame[0m
[0m[INFO] [1783154644.513783087, 198.854000000]: Updating LinkState: reference_frame is empty/world/map, using inertial frame[0m
[0m[INFO] [1783154644.600278642, 198.940000000]: Updating LinkState: reference_frame is empty/world/map, using inertial frame[0m
[0m[INFO] [1783154644.604312456, 198.944000000]: Updating LinkState: reference_frame is empty/world/map, using inertial frame[0m
[0m[INFO] [1783154644.700175503, 199.040000000]: Updating LinkState: reference_frame is empty/world/map, using inertial frame[0m
[0m[INFO] [1783154644.704672999, 199.044000000]: Updating LinkState: reference_frame is empty/world/map, using inertial frame[0m
[0m[INFO] [1783154644.808064922, 199.140000000]: Updating LinkState: reference_frame is empty/world/map, using inertial frame[0m
[0m[INFO] [1783154644.816690266, 199.148000000]: Updating LinkState: reference_frame is empty/world/map, using inertial frame[0m
[0m[INFO] [1783154644.902365852, 199.228000000]: Updating LinkState: reference_frame is empty/world/map, using inertial frame[0m
[0m[INFO] [1783154644.908622867, 199.236000000]: Updating LinkState: reference_frame is empty/world/map, using inertial frame[0m
[0m[INFO] [1783154645.002980198, 199.324000000]: Updating LinkState: reference_frame is empty/world/map, using inertial frame[0m
[0m[INFO] [1783154645.006870259, 199.328000000]: Updating LinkState: reference_frame is empty/world/map, using inertial frame[0m
[0m[INFO] [1783154645.100444959, 199.420000000]: Updating LinkState: reference_frame is empty/world/map, using inertial frame[0m
[0m[INFO] [1783154645.104186257, 199.424000000]: Updating LinkState: reference_frame is empty/world/map, using inertial frame[0m
[0m[INFO] [1783154645.200988756, 199.518000000]: Updating LinkState: reference_frame is empty/world/map, using inertial frame[0m
[0m[INFO] [1783154645.209396064, 199.524000000]: Updating LinkState: reference_frame is empty/world/map, using inertial frame[0m
[0m[INFO] [1783154645.306833510, 199.616000000]: Updating LinkState: reference_frame is empty/world/map, using inertial frame[0m
[0m[INFO] [1783154645.312412442, 199.622000000]: Updating LinkState: reference_frame is empty/world/map, using inertial frame[0m
[0m[INFO] [1783154645.404686098, 199.710000000]: Updating LinkState: reference_frame is empty/world/map, using inertial frame[0m
[0m[INFO] [1783154645.412903276, 199.718000000]: Updating LinkState: reference_frame is empty/world/map, using inertial frame[0m
[0m[INFO] [1783154645.498379102, 199.802000000]: Updating LinkState: reference_frame is empty/world/map, using inertial frame[0m
[0m[INFO] [1783154645.505288752, 199.808000000]: Updating LinkState: reference_frame is empty/world/map, using inertial frame[0m
[0m[INFO] [1783154645.605392938, 199.904000000]: Updating LinkState: reference_frame is empty/world/map, using inertial frame[0m
[0m[INFO] [1783154645.609190440, 199.908000000]: Updating LinkState: reference_frame is empty/world/map, using inertial frame[0m
[0m[INFO] [1783154645.721633364, 200.004000000]: Updating LinkState: reference_frame is empty/world/map, using inertial frame[0m
[0m[INFO] [1783154645.736410488, 200.018000000]: Updating LinkState: reference_frame is empty/world/map, using inertial frame[0m
[0m[INFO] [1783154645.801782487, 200.080000000]: Updating LinkState: reference_frame is empty/world/map, using inertial frame[0m
[0m[INFO] [1783154645.806839568, 200.084000000]: Updating LinkState: reference_frame is empty/world/map, using inertial frame[0m
[0m[INFO] [1783154645.900909393, 200.178000000]: Updating LinkState: reference_frame is empty/world/map, using inertial frame[0m
[0m[INFO] [1783154645.904320738, 200.182000000]: Updating LinkState: reference_frame is empty/world/map, using inertial frame[0m
[0m[INFO] [1783154645.999004386, 200.276000000]: Updating LinkState: reference_frame is empty/world/map, using inertial frame[0m
[0m[INFO] [1783154646.002321501, 200.280000000]: Updating LinkState: reference_frame is empty/world/map, using inertial frame[0m
[0m[INFO] [1783154646.116002779, 200.384000000]: Updating LinkState: reference_frame is empty/world/map, using inertial frame[0m
[0m[INFO] [1783154646.126781070, 200.388000000]: Updating LinkState: reference_frame is empty/world/map, using inertial frame[0m
[0m[INFO] [1783154646.235417255, 200.460000000]: Updating LinkState: reference_frame is empty/world/map, using inertial frame[0m
[0m[INFO] [1783154646.250813312, 200.468000000]: Updating LinkState: reference_frame is empty/world/map, using inertial frame[0m
[0m[INFO] [1783154646.303427107, 200.516000000]: Updating LinkState: reference_frame is empty/world/map, using inertial frame[0m
[0m[INFO] [1783154646.309516198, 200.522000000]: Updating LinkState: reference_frame is empty/world/map, using inertial frame[0m
[0m[INFO] [1783154646.397212867, 200.610000000]: Updating LinkState: reference_frame is empty/world/map, using inertial frame[0m
[0m[INFO] [1783154646.400108256, 200.614000000]: Updating LinkState: reference_frame is empty/world/map, using inertial frame[0m
[0m[INFO] [1783154646.498936160, 200.712000000]: Updating LinkState: reference_frame is empty/world/map, using inertial frame[0m
[0m[INFO] [1783154646.503196362, 200.716000000]: Updating LinkState: reference_frame is empty/world/map, using inertial frame[0m
[0m[INFO] [1783154646.599955823, 200.814000000]: Updating LinkState: reference_frame is empty/world/map, using inertial frame[0m
[0m[INFO] [1783154646.606473912, 200.820000000]: Updating LinkState: reference_frame is empty/world/map, using inertial frame[0m
[0m[INFO] [1783154646.703373784, 200.916000000]: Updating LinkState: reference_frame is empty/world/map, using inertial frame[0m
[0m[INFO] [1783154646.707273475, 200.920000000]: Updating LinkState: reference_frame is empty/world/map, using inertial frame[0m
[0m[INFO] [1783154646.801731423, 201.014000000]: Updating LinkState: reference_frame is empty/world/map, using inertial frame[0m
[0m[INFO] [1783154646.805546808, 201.018000000]: Updating LinkState: reference_frame is empty/world/map, using inertial frame[0m
[0m[INFO] [1783154646.898936585, 201.110000000]: Updating LinkState: reference_frame is empty/world/map, using inertial frame[0m
[0m[INFO] [1783154646.902079881, 201.114000000]: Updating LinkState: reference_frame is empty/world/map, using inertial frame[0m
[0m[INFO] [1783154647.004207621, 201.212000000]: Updating LinkState: reference_frame is empty/world/map, using inertial frame[0m
[0m[INFO] [1783154647.009846900, 201.216000000]: Updating LinkState: reference_frame is empty/world/map, using inertial frame[0m
[0m[INFO] [1783154647.102993348, 201.310000000]: Updating LinkState: reference_frame is empty/world/map, using inertial frame[0m
[0m[INFO] [1783154647.111364498, 201.318000000]: Updating LinkState: reference_frame is empty/world/map, using inertial frame[0m
[0m[INFO] [1783154647.205155960, 201.404000000]: Updating LinkState: reference_frame is empty/world/map, us[0m[INFO] [1783154431.295768611]: Finished loading Gazebo ROS API Plugin.[0m
[0m[INFO] [1783154431.297090958]: waitForService: Service [/gazebo_gui/set_physics_properties] has not been advertised, waiting...[0m
[WARN] [1783154683.459594, 222.086000]: Controller Spawner error while taking down controllers: transport error completing service call: unable to receive data from sender, check sender's logs for details
[31m[gazebo-2] escalating to SIGTERM[0m
[31m[a1_gazebo/controller_spawner-6] escalating to SIGTERM[0m
[31m[gazebo_gui-3] escalating to SIGTERM[0m
... logging to /home/ros/.ros/log/03017eb6-7784-11f1-ae44-6550d2d5be87/roslaunch-LAPTOP-4NHCRNJ5-1245.log
Checking log directory for disk usage. This may take a while.
Press Ctrl-C to interrupt
Done checking log file disk usage. Usage is <1GB.
]2;/home/ros/Guoyulun/Competition/SimEnv/src/unitree_guide/unitree_guide/unitree_guide/launch/multi_floor_gazeboSim.launch
[1mstarted roslaunch server http://LAPTOP-4NHCRNJ5:45637/[0m

SUMMARY
========

PARAMETERS
 * /a1_gazebo/FL_calf_controller/joint: FL_calf_joint
 * /a1_gazebo/FL_calf_controller/pid/d: 8.0
 * /a1_gazebo/FL_calf_controller/pid/i: 0.0
 * /a1_gazebo/FL_calf_controller/pid/p: 300.0
 * /a1_gazebo/FL_calf_controller/type: unitree_legged_co...
 * /a1_gazebo/FL_hip_controller/joint: FL_hip_joint
 * /a1_gazebo/FL_hip_controller/pid/d: 5.0
 * /a1_gazebo/FL_hip_controller/pid/i: 0.0
 * /a1_gazebo/FL_hip_controller/pid/p: 100.0
 * /a1_gazebo/FL_hip_controller/type: unitree_legged_co...
 * /a1_gazebo/FL_thigh_controller/joint: FL_thigh_joint
 * /a1_gazebo/FL_thigh_controller/pid/d: 8.0
 * /a1_gazebo/FL_thigh_controller/pid/i: 0.0
 * /a1_gazebo/FL_thigh_controller/pid/p: 300.0
 * /a1_gazebo/FL_thigh_controller/type: unitree_legged_co...
 * /a1_gazebo/FR_calf_controller/joint: FR_calf_joint
 * /a1_gazebo/FR_calf_controller/pid/d: 8.0
 * /a1_gazebo/FR_calf_controller/pid/i: 0.0
 * /a1_gazebo/FR_calf_controller/pid/p: 300.0
 * /a1_gazebo/FR_calf_controller/type: unitree_legged_co...
 * /a1_gazebo/FR_hip_controller/joint: FR_hip_joint
 * /a1_gazebo/FR_hip_controller/pid/d: 5.0
 * /a1_gazebo/FR_hip_controller/pid/i: 0.0
 * /a1_gazebo/FR_hip_controller/pid/p: 100.0
 * /a1_gazebo/FR_hip_controller/type: unitree_legged_co...
 * /a1_gazebo/FR_thigh_controller/joint: FR_thigh_joint
 * /a1_gazebo/FR_thigh_controller/pid/d: 8.0
 * /a1_gazebo/FR_thigh_controller/pid/i: 0.0
 * /a1_gazebo/FR_thigh_controller/pid/p: 300.0
 * /a1_gazebo/FR_thigh_controller/type: unitree_legged_co...
 * /a1_gazebo/RL_calf_controller/joint: RL_calf_joint
 * /a1_gazebo/RL_calf_controller/pid/d: 8.0
 * /a1_gazebo/RL_calf_controller/pid/i: 0.0
 * /a1_gazebo/RL_calf_controller/pid/p: 300.0
 * /a1_gazebo/RL_calf_controller/type: unitree_legged_co...
 * /a1_gazebo/RL_hip_controller/joint: RL_hip_joint
 * /a1_gazebo/RL_hip_controller/pid/d: 5.0
 * /a1_gazebo/RL_hip_controller/pid/i: 0.0
 * /a1_gazebo/RL_hip_controller/pid/p: 100.0
 * /a1_gazebo/RL_hip_controller/type: unitree_legged_co...
 * /a1_gazebo/RL_thigh_controller/joint: RL_thigh_joint
 * /a1_gazebo/RL_thigh_controller/pid/d: 8.0
 * /a1_gazebo/RL_thigh_controller/pid/i: 0.0
 * /a1_gazebo/RL_thigh_controller/pid/p: 300.0
 * /a1_gazebo/RL_thigh_controller/type: unitree_legged_co...
 * /a1_gazebo/RR_calf_controller/joint: RR_calf_joint
 * /a1_gazebo/RR_calf_controller/pid/d: 8.0
 * /a1_gazebo/RR_calf_controller/pid/i: 0.0
 * /a1_gazebo/RR_calf_controller/pid/p: 300.0
 * /a1_gazebo/RR_calf_controller/type: unitree_legged_co...
 * /a1_gazebo/RR_hip_controller/joint: RR_hip_joint
 * /a1_gazebo/RR_hip_controller/pid/d: 5.0
 * /a1_gazebo/RR_hip_controller/pid/i: 0.0
 * /a1_gazebo/RR_hip_controller/pid/p: 100.0
 * /a1_gazebo/RR_hip_controller/type: unitree_legged_co...
 * /a1_gazebo/RR_thigh_controller/joint: RR_thigh_joint
 * /a1_gazebo/RR_thigh_controller/pid/d: 8.0
 * /a1_gazebo/RR_thigh_controller/pid/i: 0.0
 * /a1_gazebo/RR_thigh_controller/pid/p: 300.0
 * /a1_gazebo/RR_thigh_controller/type: unitree_legged_co...
 * /a1_gazebo/joint_state_controller/publish_rate: 1000
 * /a1_gazebo/joint_state_controller/type: joint_state_contr...
 * /gazebo/enable_ros_network: True
 * /robot_description: <?xml version="1....
 * /robot_name: a1
 * /rosdistro: noetic
 * /rosversion: 1.17.4
 * /state_from_gazebo/robot_name: a1
 * /use_sim_time: True
 * /world_file: /home/ros/Guoyulu...

NODES
  /
    gazebo (gazebo_ros/gzserver)
    gazebo_gui (gazebo_ros/gzclient)
    robot_state_publisher (robot_state_publisher/robot_state_publisher)
    state_from_gazebo (unitree_guide/state_from_gazebo)
    urdf_spawner (gazebo_ros/spawn_model)
  /a1_gazebo/
    controller_spawner (controller_manager/spawner)

auto-starting new master
[1mprocess[master]: started with pid [1283][0m
[1mROS_MASTER_URI=http://localhost:11311[0m
]2;/home/ros/Guoyulun/Competition/SimEnv/src/unitree_guide/unitree_guide/unitree_guide/launch/multi_floor_gazeboSim.launch http://localhost:11311
[1msetting /run_id to 03017eb6-7784-11f1-ae44-6550d2d5be87[0m
[1mprocess[rosout-1]: started with pid [1300][0m
started core service [/rosout]
[1mprocess[gazebo-2]: started with pid [1307][0m
[1mprocess[gazebo_gui-3]: started with pid [1310][0m
[1mprocess[urdf_spawner-4]: started with pid [1316][0m
[1mprocess[state_from_gazebo-5]: started with pid [1318][0m
[1mprocess[a1_gazebo/controller_spawner-6]: started with pid [1319][0m
[1mprocess[robot_state_publisher-7]: started with pid [1320][0m
[1m[urdf_spawner-4] process has finished cleanly
log file: /home/ros/.ros/log/03017eb6-7784-11f1-ae44-6550d2d5be87/urdf_spawner-4*.log[0m
[robot_state_publisher-7] killing on exit
[a1_gazebo/controller_spawner-6] killing on exit
[state_from_gazebo-5] killing on exit
[gazebo-2] killing on exit
[gazebo_gui-3] killing on exit
[rosout-1] killing on exit
[master] killing on exit
shutting down processing monitor...
... shutting down processing monitor complete
[1mdone[0m
